{
"type": "FeatureCollection",
"name": "wi_proposed_power_lines",
"crs": { "type": "name", "properties": { "name": "urn:ogc:def:crs:OGC:1.3:CRS84" } },
"features": [
{ "type": "Feature", "properties": { "ID": "400546", "STATUS": "IN SERVICE", "OWNER": "AMERICAN TRANSMISSION CO", "VOLTAGE": 138.0, "VOLT_CLASS": "100-161", "SUB_1": "HOWARDS GROVE", "SUB_2": "ERDMAN" }, "geometry": { "type": "LineString", "coordinates": [ [ -87.765666798130454, 43.789307829888969 ], [ -87.766160236427822, 43.78916193501852 ], [ -87.766156936017467, 43.789865860961456 ], [ -87.765526656454554, 43.789863479100973 ], [ -87.765025179133715, 43.791674946413757 ], [ -87.76518378927355, 43.79214600691698 ], [ -87.765643003555226, 43.793492290093361 ], [ -87.765763526923621, 43.793775267493714 ], [ -87.765520056532182, 43.794735942684028 ], [ -87.764799443282612, 43.796506452940683 ], [ -87.765186899241058, 43.798668163646063 ], [ -87.763774411644505, 43.79892563391514 ], [ -87.764587109397226, 43.800940916387184 ], [ -87.764933466533094, 43.801787651066675 ], [ -87.765433537092207, 43.80293868091335 ], [ -87.765715511073367, 43.805020233541974 ], [ -87.766660686075966, 43.806197499442192 ], [ -87.767391239184164, 43.807997076131649 ], [ -87.768252369605392, 43.80988704015045 ], [ -87.768893271746535, 43.811546301272486 ], [ -87.769493130760679, 43.812981224866952 ], [ -87.769878220556663, 43.813833791386863 ], [ -87.770475827494352, 43.815863809391537 ], [ -87.770617983193119, 43.817967952229964 ], [ -87.770404005390773, 43.820066186920371 ], [ -87.77076686457842, 43.821565412032918 ], [ -87.770775243165076, 43.82345706081739 ], [ -87.770828294970812, 43.825445794852108 ], [ -87.771061405990409, 43.831329916191898 ], [ -87.770016361684426, 43.833314588672486 ], [ -87.770114297813322, 43.834831379855657 ], [ -87.771023409948853, 43.836211205773189 ], [ -87.771002110893448, 43.8380153545219 ], [ -87.770826721122432, 43.839795460830913 ], [ -87.770697901812383, 43.841494462163453 ], [ -87.77065004765889, 43.844218938942461 ], [ -87.770628839333341, 43.845064026657305 ], [ -87.780847940156505, 43.844930069097529 ], [ -87.780848072208869, 43.848634048081834 ], [ -87.794222549484942, 43.848522197711112 ], [ -87.79641533080526, 43.848281837680261 ], [ -87.798537493764471, 43.848261894445152 ], [ -87.800636722734481, 43.848452067536293 ], [ -87.802797122483767, 43.848241975821395 ], [ -87.814612605923614, 43.848248520346196 ], [ -87.822016437850323, 43.848247553114447 ], [ -87.826394231860405, 43.848264301186568 ], [ -87.82647803299831, 43.845581674563441 ], [ -87.827738276815452, 43.845447709095836 ] ] } },
{ "type": "Feature", "properties": { "ID": "400547", "STATUS": "IN SERVICE", "OWNER": "AMERICAN TRANSMISSION CO/NORTHERN STATES POWER CO - WISCONSIN", "VOLTAGE": 345.0, "VOLT_CLASS": "345", "SUB_1": "BRIGGS ROAD", "SUB_2": "CARDINAL" }, "geometry": { "type": "LineString", "coordinates": [ [ -91.282497397248292, 43.953251886958341 ], [ -91.284018264787235, 43.954057874389619 ], [ -91.283979148546507, 43.957438590838642 ], [ -91.284825572648245, 43.958482661617907 ], [ -91.285017314452389, 43.961105293629359 ], [ -91.285598985276948, 43.963072655922652 ], [ -91.285677293216892, 43.964953900394214 ], [ -91.285074313455482, 43.966911756324308 ], [ -91.284119742973317, 43.969718410897286 ], [ -91.285448148259263, 43.97047383277404 ], [ -91.285654090631411, 43.973032566112963 ], [ -91.285176025203526, 43.97488091191196 ], [ -91.28520035517468, 43.977260717142435 ], [ -91.285212278513427, 43.979536308093415 ], [ -91.2856598910532, 43.980760534498231 ], [ -91.285516786733496, 43.983243868918514 ], [ -91.285533747824374, 43.9855396003259 ], [ -91.286821944518209, 43.988088531915565 ], [ -91.286965004820473, 43.996947458198306 ], [ -91.287182374661356, 43.998943135086542 ], [ -91.286554323818663, 44.00114710319427 ], [ -91.28660164437288, 44.003579098723272 ], [ -91.286614660961348, 44.006094028467651 ], [ -91.286624392410829, 44.008652379990117 ], [ -91.286849501237882, 44.01109272909504 ], [ -91.287421243881923, 44.013236180689951 ], [ -91.288735884282787, 44.018125679731376 ], [ -91.289328826269212, 44.020613206299977 ], [ -91.289939343794188, 44.022917932491012 ], [ -91.290551169266209, 44.025224742604983 ], [ -91.291154296351337, 44.027712296854361 ], [ -91.291041773378851, 44.030167822892444 ], [ -91.291065007405351, 44.03258843907858 ], [ -91.290998480870357, 44.035158156987912 ], [ -91.290945306893747, 44.037698547596676 ], [ -91.290897317094647, 44.040241412962985 ], [ -91.290967263515924, 44.042588209862274 ], [ -91.291077005304288, 44.044932734549754 ], [ -91.291236693422462, 44.047193268177246 ], [ -91.291353068370881, 44.049652129534138 ], [ -91.291400831794533, 44.051754893379005 ], [ -91.291448167620132, 44.053858310166909 ], [ -91.290934601670514, 44.055871402743698 ], [ -91.290901688296813, 44.058360817668337 ], [ -91.290367238313465, 44.063885133449347 ], [ -91.287273650680746, 44.063849903462817 ], [ -91.287330673040032, 44.065802973659615 ], [ -91.287413830984192, 44.067843043562192 ], [ -91.287411454940269, 44.070792911171488 ], [ -91.286862821456907, 44.072730517594771 ], [ -91.286936269511173, 44.075239627144349 ], [ -91.287148724669123, 44.085216853462434 ], [ -91.28295064222489, 44.092024948661233 ], [ -91.28248632012253, 44.11709924982155 ], [ -91.28291860021703, 44.121318975745886 ], [ -91.283026239947631, 44.127485575638239 ], [ -91.284156891903578, 44.141252267325314 ], [ -91.283586310781175, 44.168327517782373 ], [ -91.282395687296869, 44.172522256168477 ], [ -91.268201269151945, 44.184033486581896 ], [ -91.267339640165716, 44.191311070359575 ], [ -91.267130559079973, 44.192605775063328 ], [ -91.268087422961045, 44.233402548480058 ], [ -91.256594988070404, 44.247765496030567 ], [ -91.255430902616226, 44.258331742975578 ], [ -91.255579882816207, 44.28799164092478 ], [ -91.25535112233753, 44.289463870757729 ], [ -91.25575947760106, 44.292306058369405 ], [ -91.25579445081172, 44.292954752463565 ], [ -91.255075231747469, 44.293329356218081 ], [ -91.252263270447898, 44.298852146669539 ], [ -91.251938884307222, 44.305193075843796 ], [ -91.244616148691094, 44.305256450318275 ], [ -91.22346501798414, 44.305337555428601 ], [ -91.218877503287828, 44.305326031532125 ], [ -91.21517811338704, 44.30338555408283 ], [ -91.200810573717206, 44.305331934909702 ], [ -91.177519909328382, 44.305607049130963 ], [ -91.165558830540562, 44.300767929380591 ], [ -91.111768385962264, 44.301132110017285 ], [ -91.089311405767802, 44.301043691181434 ], [ -91.051646592803593, 44.302704272149313 ], [ -91.040246690675446, 44.30518955682335 ], [ -91.034192353782615, 44.306256217925068 ], [ -90.979927670599523, 44.307283273053294 ], [ -90.977537897720538, 44.308634472043686 ], [ -90.930972010084318, 44.30775050125358 ], [ -90.909671891990868, 44.307673716748376 ], [ -90.871040231269518, 44.308102865163718 ], [ -90.869869799217852, 44.308115778953841 ], [ -90.869024200667866, 44.309355492789834 ], [ -90.867004664839982, 44.310299133519067 ], [ -90.866977073086005, 44.314353516449096 ], [ -90.864490143815786, 44.314976677185527 ], [ -90.861815578940607, 44.314444244598512 ], [ -90.858490933837018, 44.313382906601348 ], [ -90.855218777295462, 44.312600394346454 ], [ -90.851851207992652, 44.311785380628457 ], [ -90.848602795720723, 44.311061827545394 ], [ -90.845264950772332, 44.310491874405258 ], [ -90.841451921293185, 44.309901253914852 ], [ -90.838977103109613, 44.308583521214658 ], [ -90.836604245507431, 44.307241329146862 ], [ -90.834525949080174, 44.305711913688818 ], [ -90.831327563986392, 44.303345195307628 ], [ -90.828633991658094, 44.301077322885796 ], [ -90.826352746045231, 44.299485020048252 ], [ -90.823998669520691, 44.297719230203896 ], [ -90.821764743563719, 44.295879282620731 ], [ -90.81908027835577, 44.293682695939374 ], [ -90.817212537149643, 44.29202811561116 ], [ -90.815032234326935, 44.290136983000096 ], [ -90.813043596053234, 44.288168257337411 ], [ -90.811512882080436, 44.286279515481276 ], [ -90.809718886270943, 44.284249871814879 ], [ -90.80779888826811, 44.281953923041208 ], [ -90.805559213093318, 44.279773703725759 ], [ -90.802402367894913, 44.278074857296524 ], [ -90.796495400522758, 44.275338067904961 ], [ -90.787664059371309, 44.27148629373967 ], [ -90.784369910274989, 44.270008046713002 ], [ -90.781861353165993, 44.268914660416158 ], [ -90.779303449801802, 44.267648362495372 ], [ -90.776414228896215, 44.265956196678765 ], [ -90.773789609452493, 44.264446259586521 ], [ -90.771001827207101, 44.262796602585546 ], [ -90.768370933929447, 44.261293385099883 ], [ -90.76305825062677, 44.258224964055046 ], [ -90.7575804587715, 44.255111674971445 ], [ -90.752377245067663, 44.251977651460933 ], [ -90.746811730029961, 44.24905367118739 ], [ -90.743586028066701, 44.247827906106735 ], [ -90.740681456749527, 44.246813240438357 ], [ -90.737571369759976, 44.245782394200262 ], [ -90.731512464035617, 44.243965875179214 ], [ -90.724898674350158, 44.241883806417242 ], [ -90.721794447969515, 44.241003450449071 ], [ -90.718872040602392, 44.23964844106483 ], [ -90.716419327263011, 44.238180666677636 ], [ -90.713990326752196, 44.236316833825747 ], [ -90.712328193744924, 44.234699347445193 ], [ -90.710699293013292, 44.233136294475933 ], [ -90.708894662947429, 44.231176512111325 ], [ -90.706578971434993, 44.22924105205189 ], [ -90.70404168171163, 44.227514530070295 ], [ -90.701435550494779, 44.225985282189605 ], [ -90.695623387724453, 44.223145145835112 ], [ -90.689881591786957, 44.220346020908785 ], [ -90.684189754755693, 44.217649634933593 ], [ -90.676905271200994, 44.214091313428789 ], [ -90.67290579458799, 44.212135678411386 ], [ -90.667182141025975, 44.209365366603564 ], [ -90.66442849386307, 44.207997785724075 ], [ -90.661753521152747, 44.206425732962174 ], [ -90.65949958701944, 44.204869941344725 ], [ -90.657025606964041, 44.203052375793234 ], [ -90.654594037271522, 44.20121580644448 ], [ -90.652175941409936, 44.199405548532503 ], [ -90.649677202886991, 44.197758529975204 ], [ -90.647191052456122, 44.196440881466238 ], [ -90.643674188542988, 44.19502284196912 ], [ -90.640116538420997, 44.193670113616186 ], [ -90.636956924614879, 44.192293706232363 ], [ -90.63390234273011, 44.19086508595629 ], [ -90.630774985629202, 44.189532333784221 ], [ -90.62794266221708, 44.188333536459318 ], [ -90.624872345441787, 44.186995367683153 ], [ -90.621794553785008, 44.185740665590615 ], [ -90.618760820899666, 44.184481423656827 ], [ -90.616092142684522, 44.183222154823781 ], [ -90.613335348723155, 44.181813908147156 ], [ -90.610654082415962, 44.180261187055201 ], [ -90.607916170143554, 44.178699396628168 ], [ -90.605442607804761, 44.177236873808518 ], [ -90.602727117481862, 44.175645944413631 ], [ -90.59989125380919, 44.174063435557805 ], [ -90.59707151848913, 44.172722685836597 ], [ -90.594033458419062, 44.171519596327144 ], [ -90.591053618162562, 44.170419188075648 ], [ -90.58788849768375, 44.169192349869022 ], [ -90.584936586947748, 44.168068196037815 ], [ -90.581745502462269, 44.166858239212004 ], [ -90.578996575946178, 44.165699896794919 ], [ -90.576439616711355, 44.164112607001123 ], [ -90.573990837992952, 44.162292461399964 ], [ -90.571681314313224, 44.160514590553305 ], [ -90.569103113515183, 44.158835440901285 ], [ -90.566241286734197, 44.157509020382683 ], [ -90.562927074664316, 44.156542407983537 ], [ -90.559780048950259, 44.155667503867647 ], [ -90.55643082683882, 44.154811496574069 ], [ -90.553590255994081, 44.153354118251123 ], [ -90.551364114837341, 44.151506249668749 ], [ -90.549620662737297, 44.149320111674449 ], [ -90.548157673652113, 44.147691022821114 ], [ -90.54661890358787, 44.145592542805296 ], [ -90.544709539841364, 44.143499769221279 ], [ -90.542131496248501, 44.141094722164958 ], [ -90.539921529258464, 44.139225648677204 ], [ -90.537786848275786, 44.137307731202064 ], [ -90.535590355116682, 44.135350195414155 ], [ -90.534053841620434, 44.133150203177415 ], [ -90.533067306385519, 44.130778395942478 ], [ -90.533010660420331, 44.128347893275411 ], [ -90.532809250947125, 44.126536245206374 ], [ -90.533055210570225, 44.123429436963924 ], [ -90.53306101278865, 44.120933789712964 ], [ -90.53302049427775, 44.118486219629283 ], [ -90.533054718293442, 44.116180322039448 ], [ -90.53305098220018, 44.113994408360334 ], [ -90.532626223699538, 44.109205433576548 ], [ -90.53255648119584, 44.106927857602052 ], [ -90.532362373229233, 44.103815901471357 ], [ -90.532253406686962, 44.101546437518103 ], [ -90.532153662249385, 44.099013687373869 ], [ -90.531942423410342, 44.096491343904347 ], [ -90.531504156044463, 44.094593555677058 ], [ -90.531261820225225, 44.092236510874926 ], [ -90.530179351206158, 44.089786417975795 ], [ -90.528838459337763, 44.087470289870467 ], [ -90.527387020790485, 44.085387030919684 ], [ -90.525629455259008, 44.083304314848121 ], [ -90.524737823440589, 44.081025690074107 ], [ -90.523728776424676, 44.078484900977642 ], [ -90.523207045687442, 44.076685738200617 ], [ -90.522532564520972, 44.074847394031806 ], [ -90.521583683069508, 44.072969864179548 ], [ -90.52077176056288, 44.071237446776387 ], [ -90.520270424277555, 44.068774376861981 ], [ -90.51937879245915, 44.066394326244598 ], [ -90.518562377477792, 44.063966874709124 ], [ -90.51763685941026, 44.061623429452013 ], [ -90.516562331498307, 44.059310275429681 ], [ -90.516146751084946, 44.05681768868827 ], [ -90.515386227483944, 44.054312768023934 ], [ -90.51467608769228, 44.051848946745601 ], [ -90.514228202962968, 44.049320560004915 ], [ -90.513869693417917, 44.046769807947094 ], [ -90.513285102170371, 44.044687649202501 ], [ -90.512466875287089, 44.041891658194089 ], [ -90.51171509409042, 44.03917353167774 ], [ -90.511746133578441, 44.036407877667976 ], [ -90.512006412347191, 44.033824769159104 ], [ -90.512177852225889, 44.031410856388987 ], [ -90.511954851744804, 44.028951896688959 ], [ -90.510913000051332, 44.026614712660212 ], [ -90.509005569479328, 44.024364098185622 ], [ -90.507005007866852, 44.023103550102974 ], [ -90.504257020090222, 44.021504468763659 ], [ -90.501420814159445, 44.020555441750915 ], [ -90.497964118505735, 44.019577654059901 ], [ -90.495533745369158, 44.018127755964088 ], [ -90.492878979362828, 44.016124892767571 ], [ -90.491021137591133, 44.01446251194227 ], [ -90.488403456734673, 44.012354318147111 ], [ -90.486522290206622, 44.010413272078253 ], [ -90.484004669994704, 44.008165056001346 ], [ -90.481946423964601, 44.006261538093824 ], [ -90.479976799432208, 44.004490661284095 ], [ -90.477434848350825, 44.002782781058379 ], [ -90.475491003670456, 44.000791119476659 ], [ -90.472594519885789, 43.999096633883788 ], [ -90.467772340982748, 43.996403294288392 ], [ -90.464668170297657, 43.995134658573427 ], [ -90.461495126678045, 43.994190017707979 ], [ -90.458450135207244, 43.993178054299712 ], [ -90.455235314537035, 43.992187518469393 ], [ -90.452264270583782, 43.991260506700861 ], [ -90.44909836228247, 43.990264288265358 ], [ -90.445970219155697, 43.989263524408038 ], [ -90.442966383101336, 43.988089529839314 ], [ -90.440124224933456, 43.986822959833141 ], [ -90.437338052469073, 43.985434745229703 ], [ -90.43464722000239, 43.984354556191263 ], [ -90.431884131545843, 43.983023087012207 ], [ -90.428189522479002, 43.981315683217609 ], [ -90.424822204704483, 43.98008378631414 ], [ -90.421436005240977, 43.978824688169624 ], [ -90.418427448539788, 43.977724087866285 ], [ -90.415144707149253, 43.976519575042815 ], [ -90.412410728599497, 43.975500461753661 ], [ -90.409440723098712, 43.974453021967228 ], [ -90.40647071669963, 43.973341865650703 ], [ -90.40317696106537, 43.972469911735381 ], [ -90.400284843991315, 43.971055791431851 ], [ -90.397609872179302, 43.970086129783304 ], [ -90.394924563453301, 43.969097276214889 ], [ -90.391887949670846, 43.967981209415186 ], [ -90.388990168718905, 43.966920816487679 ], [ -90.385969023925625, 43.965819995556551 ], [ -90.382563941874864, 43.964732745294519 ], [ -90.380071496948815, 43.963967127447077 ], [ -90.377616817197278, 43.963219621836053 ], [ -90.374985651730086, 43.96233039400817 ], [ -90.373418523648965, 43.960810236204182 ], [ -90.370296512422328, 43.959938043997028 ], [ -90.36721274966385, 43.959033414527973 ], [ -90.36398390090217, 43.958100085247082 ], [ -90.360768063339052, 43.957146943798193 ], [ -90.357422730034457, 43.956174481991987 ], [ -90.354322531699552, 43.955254701041461 ], [ -90.351102730769412, 43.954300357019797 ], [ -90.347768850086382, 43.953011826489025 ], [ -90.34473000309211, 43.952296750237892 ], [ -90.342898827809634, 43.950370109762225 ], [ -90.342850661042419, 43.947532976157362 ], [ -90.342822302127203, 43.944954757403529 ], [ -90.342389009631361, 43.939974289393604 ], [ -90.342222217635936, 43.937448134521112 ], [ -90.338942346362742, 43.937005938953469 ], [ -90.335377436056632, 43.936516166255878 ], [ -90.331551832858452, 43.936208811658311 ], [ -90.328414641001814, 43.935677665473776 ], [ -90.326427294505493, 43.934571733480482 ], [ -90.324451969264302, 43.932899198255207 ], [ -90.324505302242741, 43.931159668402508 ], [ -90.322248044342885, 43.928982834105931 ], [ -90.322321054917609, 43.926531349639966 ], [ -90.319903494451935, 43.925084432500093 ], [ -90.317307404603326, 43.923541387163375 ], [ -90.314868575624999, 43.922119002351629 ], [ -90.312306966710253, 43.920592244847448 ], [ -90.309604416619024, 43.919005828605577 ], [ -90.306727113662305, 43.917309380386072 ], [ -90.303510651770054, 43.915409550408093 ], [ -90.300288097503582, 43.913487098695612 ], [ -90.297770477291664, 43.91200497701999 ], [ -90.294579392806213, 43.910109054230404 ], [ -90.292233677800326, 43.908724624259413 ], [ -90.288606337276917, 43.908789524805535 ], [ -90.27853428168261, 43.908930094844571 ], [ -90.269191548504551, 43.909057627686714 ], [ -90.265542965519614, 43.909107223286732 ], [ -90.261941710275408, 43.909438453243339 ], [ -90.25814622489375, 43.909062055716703 ], [ -90.254588760723024, 43.909029976761055 ], [ -90.250753910267306, 43.908957301847941 ], [ -90.246839010038286, 43.908952767024658 ], [ -90.243396163711296, 43.908952767024658 ], [ -90.240437959378411, 43.908943698024238 ], [ -90.237498637632797, 43.908916491014651 ], [ -90.234521550712628, 43.908921025840705 ], [ -90.231446906752609, 43.908937179578189 ], [ -90.228014682105538, 43.908901753960187 ], [ -90.224602125173291, 43.908172827289995 ], [ -90.221385865401999, 43.907474500416107 ], [ -90.218163310237188, 43.906789769668542 ], [ -90.21485617958669, 43.906095960962681 ], [ -90.212053359543432, 43.905189009905214 ], [ -90.208414611314225, 43.904530044453622 ], [ -90.204874207049073, 43.903488439023612 ], [ -90.201373140908501, 43.902482244828448 ], [ -90.197807350253427, 43.901431153478192 ], [ -90.19480608427908, 43.900572414265419 ], [ -90.191860468038271, 43.899701660056053 ], [ -90.188814147060839, 43.898808217723939 ], [ -90.185648239657823, 43.897878478601243 ], [ -90.182690035324939, 43.897012220727078 ], [ -90.179275889272972, 43.896022948211098 ], [ -90.175918642511093, 43.895047707098186 ], [ -90.172718139189868, 43.893848451514465 ], [ -90.170312515537702, 43.893275353321108 ], [ -90.167304099871984, 43.892281233395181 ], [ -90.163670669669273, 43.890812350275574 ], [ -90.16008283884868, 43.889104916756608 ], [ -90.1569516432466, 43.887560939104361 ], [ -90.154509108717718, 43.886195293135003 ], [ -90.151972313067759, 43.884796170678243 ], [ -90.149113262979284, 43.883179613225671 ], [ -90.146952409580791, 43.881966353925492 ], [ -90.143526871992691, 43.88063230684287 ], [ -90.140715004117908, 43.879217135397674 ], [ -90.137962741258846, 43.87782306031756 ], [ -90.13513847393817, 43.876390661079824 ], [ -90.132649963633057, 43.875081726886179 ], [ -90.129650454763393, 43.874323178573221 ], [ -90.126760336440853, 43.872456966163114 ], [ -90.12411129539781, 43.870678324826422 ], [ -90.121895789395737, 43.868613763091126 ], [ -90.11977512662304, 43.866539532380358 ], [ -90.117616337553073, 43.864409823385969 ], [ -90.115155272576501, 43.862478231082093 ], [ -90.113469232704588, 43.860333157678973 ], [ -90.111034270075237, 43.857918463265321 ], [ -90.109131452352202, 43.856070583771682 ], [ -90.105477361796261, 43.852413266367584 ], [ -90.103561216667686, 43.850560552623811 ], [ -90.101654119370636, 43.848636006502851 ], [ -90.099608552162437, 43.847260644641729 ], [ -90.098142763028505, 43.845116534637043 ], [ -90.096323308963846, 43.842897041898127 ], [ -90.094850248865995, 43.840778313042343 ], [ -90.09313620221846, 43.838270111964007 ], [ -90.091433456377175, 43.835829382597957 ], [ -90.08985000231408, 43.833535426324971 ], [ -90.088351353705363, 43.831473116635159 ], [ -90.087148541879273, 43.829709304715806 ], [ -90.085906401810064, 43.82786148445129 ], [ -90.084447577314506, 43.8256181916245 ], [ -90.082820805590089, 43.823219096995288 ], [ -90.081097746145318, 43.821090950654529 ], [ -90.079599761391592, 43.819510594306479 ], [ -90.07790223386381, 43.817892280550346 ], [ -90.075994790715384, 43.816063108607786 ], [ -90.074032899779269, 43.814191688383204 ], [ -90.071927312533688, 43.812639193204362 ], [ -90.069701992437132, 43.810064163576889 ], [ -90.067570259725201, 43.808063811483962 ], [ -90.065516074978476, 43.806145553006466 ], [ -90.06425386474919, 43.803709240556749 ], [ -90.06245212186866, 43.801969466608199 ], [ -90.060258412588638, 43.79996809910643 ], [ -90.05904338906457, 43.798453357962714 ], [ -90.057646109047468, 43.796000134420616 ], [ -90.055285839537362, 43.794455459797852 ], [ -90.053473153380054, 43.792574538448939 ], [ -90.051541016442783, 43.790174347085177 ], [ -90.049330408055638, 43.78792958909883 ], [ -90.047134005626404, 43.786032879083251 ], [ -90.045584704612068, 43.78461301697989 ], [ -90.042652952969362, 43.783502088562798 ], [ -90.03986093157414, 43.782407668032405 ], [ -90.036586816705267, 43.781370927557774 ], [ -90.033185410560648, 43.780345104189998 ], [ -90.029846038476308, 43.779335899619845 ], [ -90.026615427220008, 43.778364488337928 ], [ -90.023446528427129, 43.777413652803745 ], [ -90.020379784251716, 43.7764914220108 ], [ -90.017036384121639, 43.775200019182456 ], [ -90.013763980543388, 43.774402876887194 ], [ -90.010692483381789, 43.77334394261235 ], [ -90.007630553278005, 43.772259356131151 ], [ -90.00458926735773, 43.771188930793308 ], [ -90.001499643092046, 43.770130121243056 ], [ -89.998419082827553, 43.769171649934187 ], [ -89.995353879262865, 43.768239888941679 ], [ -89.99214949162635, 43.767243185967125 ], [ -89.989016756311855, 43.76608762419977 ], [ -89.986066133759962, 43.765316467875323 ], [ -89.983022321777128, 43.764309243979085 ], [ -89.980235567204417, 43.763399044218467 ], [ -89.977949214669152, 43.762505442495161 ], [ -89.975456246923599, 43.761527938857462 ], [ -89.972042917440206, 43.760380980693199 ], [ -89.968794762984743, 43.759279591137464 ], [ -89.965930568244659, 43.757787497755579 ], [ -89.964155505328065, 43.756272057499892 ], [ -89.961526086185799, 43.754788831690554 ], [ -89.958951326833613, 43.753308214579732 ], [ -89.953799185946949, 43.750351745697103 ], [ -89.951212500561056, 43.74887297012021 ], [ -89.948615237512684, 43.747364056971733 ], [ -89.946050676733918, 43.745897788872483 ], [ -89.943456057427426, 43.744418426910514 ], [ -89.868936577137987, 43.701703374837159 ], [ -89.865945378583049, 43.700229056486428 ], [ -89.863163164994077, 43.698556005245671 ], [ -89.860416916355845, 43.696892838613209 ], [ -89.857976635700012, 43.695415043397006 ], [ -89.855065693530847, 43.693660491728281 ], [ -89.852172430206465, 43.691928080258357 ], [ -89.849888520190461, 43.69036851541253 ], [ -89.847104418342795, 43.688502839872768 ], [ -89.844568268581511, 43.686571784072662 ], [ -89.842193268497383, 43.684775755478952 ], [ -89.839729758306618, 43.682902468928319 ], [ -89.837642302656718, 43.680888196677387 ], [ -89.835255505896285, 43.679083781431416 ], [ -89.832881109479999, 43.677258726218518 ], [ -89.830736956660957, 43.675347871435179 ], [ -89.828611592106085, 43.673477723081078 ], [ -89.826238886319175, 43.671584006828638 ], [ -89.823919606037165, 43.669753309545278 ], [ -89.821526096166593, 43.6681447849422 ], [ -89.819082324657572, 43.666505061203345 ], [ -89.816485135271066, 43.664779357408477 ], [ -89.81415159423392, 43.662824204980012 ], [ -89.812761770233664, 43.660553251564934 ], [ -89.812427208875775, 43.658313360197347 ], [ -89.812913105816321, 43.655871554970204 ], [ -89.813338159862667, 43.654036721211412 ], [ -89.81352285079015, 43.652016260129351 ], [ -89.814345303348517, 43.649539832763793 ], [ -89.814160612421063, 43.646924091050721 ], [ -89.81365409465316, 43.644264250712872 ], [ -89.812525326464367, 43.64169626845689 ], [ -89.811339443389812, 43.639066174621881 ], [ -89.810260650276902, 43.636713486615385 ], [ -89.809015960788898, 43.633990574045605 ], [ -89.805939465401082, 43.627483637618369 ], [ -89.804351780272995, 43.626907599284138 ], [ -89.803353100713736, 43.624026575042159 ], [ -89.803186189242382, 43.621284362139285 ], [ -89.803899171303598, 43.618480216367544 ], [ -89.805022709500818, 43.616187987664667 ], [ -89.805991106851835, 43.613844413463134 ], [ -89.806519977398935, 43.611763401241063 ], [ -89.807726241450652, 43.609554162008834 ], [ -89.809513167518887, 43.605018420085756 ], [ -89.810411997537656, 43.602745739833175 ], [ -89.811379779542705, 43.600304006244485 ], [ -89.812319857504377, 43.597908987026045 ], [ -89.813140402939396, 43.595448242259558 ], [ -89.813060288487435, 43.593128737917795 ], [ -89.81175572808236, 43.591011505326804 ], [ -89.809216703712181, 43.589592109879824 ], [ -89.807583623119513, 43.58663802049378 ], [ -89.805617917936701, 43.584791025199031 ], [ -89.80444551498131, 43.582696300599309 ], [ -89.803616596349514, 43.580639881399222 ], [ -89.802784079964994, 43.578563277423498 ], [ -89.803686054087279, 43.577281833842243 ], [ -89.802898843335825, 43.575358852970645 ], [ -89.801454544598414, 43.573418475397581 ], [ -89.798782649516269, 43.57233295832026 ], [ -89.795596460849097, 43.57129065537184 ], [ -89.792588813242958, 43.570799784133413 ], [ -89.789153644816707, 43.570407609111236 ], [ -89.785665361702641, 43.570115287505715 ], [ -89.782010370136476, 43.568600368557739 ], [ -89.779344425494756, 43.566966142227358 ], [ -89.778904426177007, 43.564506943727942 ], [ -89.766876253118923, 43.564489821320016 ], [ -89.76332450582666, 43.564924438666274 ], [ -89.763343821401904, 43.567816044595006 ], [ -89.756549409258895, 43.566992533927888 ], [ -89.753345162657894, 43.566642939127334 ], [ -89.74963535319813, 43.566269785608142 ], [ -89.747226308761356, 43.565804900513257 ], [ -89.744867865526231, 43.565247618441397 ], [ -89.741427521007296, 43.564416888464869 ], [ -89.738226207405688, 43.56337084627544 ], [ -89.735012416204796, 43.562809322315026 ], [ -89.728513824674721, 43.561200203705539 ], [ -89.72533100109662, 43.560494780889293 ], [ -89.722145078330783, 43.559669453525395 ], [ -89.71896396604329, 43.558814682764918 ], [ -89.71570140889888, 43.558127278688616 ], [ -89.709439804618867, 43.55660667249672 ], [ -89.693855098943018, 43.552885967648159 ], [ -89.677588815409948, 43.548910469097017 ], [ -89.674424642653747, 43.548370256064061 ], [ -89.6705495485716, 43.548299605962384 ], [ -89.667412363901519, 43.54820842742707 ], [ -89.66402689387003, 43.548119340072063 ], [ -89.660621383322891, 43.548293156882103 ], [ -89.65688721245094, 43.5482258572208 ], [ -89.65314385540691, 43.547996602617403 ], [ -89.649462263826848, 43.547759193426998 ], [ -89.645543527791574, 43.547377381774552 ], [ -89.641832958357085, 43.546930205593718 ], [ -89.638110597636185, 43.546515978915671 ], [ -89.634591738564794, 43.54615938625146 ], [ -89.632894995266255, 43.545884368338271 ], [ -89.629517207627103, 43.545218605419173 ], [ -89.628849197923941, 43.545076373794082 ], [ -89.627843009347231, 43.544825196660902 ], [ -89.621640591468037, 43.543257221125643 ], [ -89.618155186556152, 43.542390673852012 ], [ -89.604781298574906, 43.539160774001743 ], [ -89.590972297212716, 43.535648590887952 ], [ -89.587827402302537, 43.534849467742895 ], [ -89.585350500925827, 43.535437371874501 ], [ -89.582333216193348, 43.534504626772318 ], [ -89.580777590141096, 43.532934450537809 ], [ -89.577938143987083, 43.532340835153043 ], [ -89.572599044825168, 43.530962772353519 ], [ -89.564709425552365, 43.528884477273685 ], [ -89.561979558591659, 43.528054902291657 ], [ -89.558770281425055, 43.527339360142498 ], [ -89.555510251241557, 43.526498458144914 ], [ -89.552318835277731, 43.525657413505705 ], [ -89.54913900758109, 43.524833255032988 ], [ -89.545860543967962, 43.524048250003879 ], [ -89.542681911030627, 43.523275430893563 ], [ -89.539535427000729, 43.522441223721877 ], [ -89.536304620810014, 43.521606326926801 ], [ -89.533721304106436, 43.520778706987578 ], [ -89.531198953366257, 43.519615183201218 ], [ -89.528715964106865, 43.517973774105869 ], [ -89.526461432593905, 43.516137217441297 ], [ -89.524961511970744, 43.513922307731967 ], [ -89.523682347837095, 43.512030104320672 ], [ -89.522406283789479, 43.510255500747235 ], [ -89.520893962822143, 43.508148431654682 ], [ -89.519589622504327, 43.506478298734223 ], [ -89.517649222863071, 43.504858335542195 ], [ -89.515005410014993, 43.503373512665924 ], [ -89.511935641212034, 43.502058857983371 ], [ -89.509218780958307, 43.500870381014153 ], [ -89.503556902741764, 43.498465270277443 ], [ -89.500833334767819, 43.497161212646404 ], [ -89.498419577769084, 43.495469105978138 ], [ -89.496594731117753, 43.493722408037172 ], [ -89.496670062040863, 43.49111524326328 ], [ -89.496740703758164, 43.488606150975578 ], [ -89.496818860781147, 43.486194008689857 ], [ -89.495056703960245, 43.484429823042099 ], [ -89.491377089572154, 43.483573008585395 ], [ -89.491267506785576, 43.480969649044496 ], [ -89.492087534790997, 43.478326419123476 ], [ -89.492721025831045, 43.475961312396123 ], [ -89.493320309923391, 43.473739412231652 ], [ -89.493954146814815, 43.471052360324698 ], [ -89.494787104272135, 43.468403334892905 ], [ -89.495529562752779, 43.465713532340843 ], [ -89.496222462975823, 43.462784381842951 ], [ -89.497010285480002, 43.459868663750939 ], [ -89.497508836987933, 43.457739485980319 ], [ -89.497494676844127, 43.455097920772737 ], [ -89.496800584556681, 43.453033350278247 ], [ -89.494752628728165, 43.450311997569045 ], [ -89.490761568431054, 43.444989747154445 ], [ -89.488421184926381, 43.442286191474928 ], [ -89.486881129372961, 43.440070736490867 ], [ -89.485787411649937, 43.438144370109363 ], [ -89.484109319173314, 43.435604090345947 ], [ -89.482535135723936, 43.433114018007252 ], [ -89.481086444224786, 43.430832979380639 ], [ -89.479622728402546, 43.428370559196146 ], [ -89.478249857408343, 43.42606215382046 ], [ -89.476447271009761, 43.423534118814352 ], [ -89.474362107860472, 43.421477720986459 ], [ -89.472829786801654, 43.419441822859689 ], [ -89.471339329031693, 43.417455045388238 ], [ -89.469556443585617, 43.41514980159473 ], [ -89.468074374283788, 43.412604092541002 ], [ -89.466777688510504, 43.410007404859876 ], [ -89.466537505952999, 43.407764430858727 ], [ -89.466097794096157, 43.405679716219446 ], [ -89.466335897952092, 43.403000739907199 ], [ -89.466422735395653, 43.398195820430018 ], [ -89.46631307445567, 43.395528617612086 ], [ -89.466040847195359, 43.393238755917309 ], [ -89.465753554289392, 43.391353053473829 ], [ -89.46535500413718, 43.388709945164045 ], [ -89.463811095709502, 43.386220032486214 ], [ -89.462217824856964, 43.3836512038609 ], [ -89.461173465965544, 43.381129567435622 ], [ -89.459999906878352, 43.378277229799785 ], [ -89.459758331033825, 43.374103152400735 ], [ -89.459668891170878, 43.371685042293308 ], [ -89.459555494137632, 43.369044532894272 ], [ -89.459413968157889, 43.366802703060642 ], [ -89.459270372459699, 43.364509442344378 ], [ -89.45911167697993, 43.361958822615982 ], [ -89.459024819773433, 43.359551507208835 ], [ -89.458928287711316, 43.357138100325585 ], [ -89.45884059956316, 43.354739686574469 ], [ -89.458677392744036, 43.35224246214365 ], [ -89.458544305538055, 43.349916788342725 ], [ -89.457848750793332, 43.347427515520977 ], [ -89.456965146320314, 43.345100455177366 ], [ -89.455179570419972, 43.340393592335225 ], [ -89.454240945932426, 43.338126848391688 ], [ -89.453299660634997, 43.335833348043913 ], [ -89.452391956159531, 43.33343280516921 ], [ -89.451495674661217, 43.331123156936194 ], [ -89.450573668108106, 43.328574031393153 ], [ -89.449587990764286, 43.326229004837707 ], [ -89.448202019638302, 43.323959761813605 ], [ -89.446337165617479, 43.3217753956175 ], [ -89.44429154720531, 43.319889747380984 ], [ -89.442154499161845, 43.317906513966946 ], [ -89.440104002897684, 43.316094298816523 ], [ -89.438035585243597, 43.313955809751008 ], [ -89.436077103413979, 43.312105724551309 ], [ -89.433944208282085, 43.31010777353162 ], [ -89.431850061979944, 43.308134854954922 ], [ -89.430014891889385, 43.306409899875071 ], [ -89.427809594342207, 43.304332714165206 ], [ -89.4257380298897, 43.302352798089622 ], [ -89.423887475251576, 43.300639345327362 ], [ -89.421887190320206, 43.298759450913742 ], [ -89.419845995212498, 43.297265612247934 ], [ -89.418266549432204, 43.295347405637834 ], [ -89.416123680305688, 43.29331391479387 ], [ -89.414408550289906, 43.291713097388346 ], [ -89.412516107210095, 43.290002105462122 ], [ -89.410831014162483, 43.288477941193534 ], [ -89.408952961195197, 43.286576674291446 ], [ -89.40884731662284, 43.281714478537083 ], [ -89.408783978208803, 43.277066271819677 ], [ -89.408754392194908, 43.274538456874851 ], [ -89.408726989985482, 43.272056061506575 ], [ -89.408686936801899, 43.269624084000576 ], [ -89.408649972026282, 43.267188824396605 ], [ -89.408624563178478, 43.264627244089937 ], [ -89.408608421351133, 43.263254267990895 ], [ -89.408564695854679, 43.26049228346259 ], [ -89.408496931441221, 43.257731203381937 ], [ -89.411944433736323, 43.257740709251777 ], [ -89.415069152485231, 43.257269811667349 ], [ -89.416405827661691, 43.256589489863728 ] ] } },
{ "type": "Feature", "properties": { "ID": "400548", "STATUS": "IN SERVICE", "OWNER": "AMERICAN TRANSMISSION CO", "VOLTAGE": 138.0, "VOLT_CLASS": "100-161", "SUB_1": "NOT AVAILABLE", "SUB_2": "CREEKVIEW" }, "geometry": { "type": "LineString", "coordinates": [ [ -88.346453147755994, 43.660577927487196 ], [ -88.346486851647157, 43.659905773056153 ], [ -88.344415353669945, 43.659888889000442 ], [ -88.34247174883977, 43.660104881727079 ], [ -88.340490212646714, 43.660091608486098 ], [ -88.338506547446414, 43.660073536493293 ], [ -88.336544242386964, 43.660065373290216 ], [ -88.332536388983939, 43.660060761057267 ], [ -88.330456248315386, 43.659813463745245 ], [ -88.328720501065547, 43.659812724823048 ], [ -88.327109198330305, 43.659801609144722 ], [ -88.325472525374821, 43.66002815112374 ], [ -88.32389794846334, 43.659994779506597 ], [ -88.322029745523153, 43.659987720448619 ], [ -88.3201130308627, 43.659971516196549 ], [ -88.31821627047961, 43.659985230086562 ], [ -88.318395355919705, 43.661826339151041 ], [ -88.318739434029723, 43.665552265434947 ], [ -88.310319050561205, 43.66547549955493 ], [ -88.310345053195434, 43.666990215128628 ], [ -88.305555122912779, 43.666939241419797 ], [ -88.300776814134963, 43.666879208651821 ], [ -88.299613813845625, 43.666774244574007 ], [ -88.298307062449581, 43.666787658646385 ], [ -88.29073212841071, 43.674287302330391 ], [ -88.266153270023011, 43.6741507722734 ], [ -88.26618376333532, 43.682493130874171 ], [ -88.266209491983361, 43.687836938593513 ], [ -88.266235481142871, 43.693336739009183 ], [ -88.2661934660387, 43.704953188850176 ], [ -88.266097826901984, 43.710347721276811 ], [ -88.26606317528821, 43.712525836075294 ], [ -88.266155551743822, 43.727361317412999 ], [ -88.266176168079596, 43.731944431938516 ], [ -88.266185925580217, 43.737540671607718 ], [ -88.26614004412707, 43.739458294319213 ] ] } },
{ "type": "Feature", "properties": { "ID": "400549", "STATUS": "UNDER CONSTRUCTION", "OWNER": "DAIRYLAND POWER COOPERATIVE", "VOLTAGE": 345.0, "VOLT_CLASS": "345", "SUB_1": "ALMA", "SUB_2": "TREMVAL NORTH" }, "geometry": { "type": "LineString", "coordinates": [ [ -91.911018590629695, 44.30965004800575 ], [ -91.908832966187262, 44.309447732208753 ], [ -91.908284218617851, 44.308186765857528 ], [ -91.904621297622668, 44.30650812620496 ], [ -91.899970050151879, 44.305870420345997 ], [ -91.898796028432344, 44.30202248728002 ], [ -91.800990409466479, 44.29314295482947 ], [ -91.766621837774892, 44.292607847351469 ], [ -91.719398274654552, 44.297945737835768 ], [ -91.683281002905019, 44.28903055810143 ], [ -91.619807095958024, 44.289257423337645 ], [ -91.571159450685755, 44.283983067891327 ], [ -91.547579682387365, 44.282128154935911 ], [ -91.529154358256065, 44.280616800380955 ], [ -91.504584680650538, 44.278601388898977 ], [ -91.471153687807515, 44.276760386996834 ], [ -91.467128872415273, 44.276538076696852 ], [ -91.463224366592414, 44.277090435645057 ], [ -91.448071915858222, 44.275427491511124 ], [ -91.351926784186048, 44.293475598497778 ], [ -91.279722229146117, 44.296863619619707 ], [ -91.261549976599994, 44.293539252461194 ], [ -91.256001751436557, 44.292964575495311 ], [ -91.255880864250457, 44.295754860820431 ], [ -91.255700850850673, 44.299909624387894 ], [ -91.255688427150289, 44.300196363504114 ], [ -91.257755184717723, 44.301811160695394 ] ] } },
{ "type": "Feature", "properties": { "ID": "400550", "STATUS": "IN SERVICE", "OWNER": "AMERICAN TRANSMISSION CO", "VOLTAGE": 345.0, "VOLT_CLASS": "345", "SUB_1": "HICKORY CREEK", "SUB_2": "CARDINAL" }, "geometry": { "type": "MultiLineString", "coordinates": [ [ [ -89.568051435988707, 43.092154338989978 ], [ -89.567762103008747, 43.09084270875428 ], [ -89.570923667955668, 43.0912915118885 ], [ -89.570881772327425, 43.09378764628508 ], [ -89.573884936441985, 43.093790497840885 ], [ -89.576012182967389, 43.093792449388637 ], [ -89.576884757925356, 43.093793267398688 ], [ -89.579593711207949, 43.093061687818583 ], [ -89.582412571568909, 43.09230034866642 ], [ -89.585229561637448, 43.091539398901809 ], [ -89.588380547125254, 43.09068813853483 ], [ -89.591555894923573, 43.090444420352611 ], [ -89.594423583211807, 43.092035037406248 ], [ -89.597068627650131, 43.092616762778881 ], [ -89.599737349882716, 43.093203668873137 ], [ -89.602358830612829, 43.093780057223313 ], [ -89.605004025069803, 43.094361624985773 ], [ -89.605468443291912, 43.094043835115116 ], [ -89.606107875789235, 43.093606277356358 ], [ -89.609092813984986, 43.09431107411681 ], [ -89.612617770820535, 43.095143276803 ], [ -89.61618981913989, 43.095986447621556 ], [ -89.619175204696646, 43.095973293019796 ], [ -89.621864372585094, 43.096465798882996 ], [ -89.624864205746562, 43.096554584788265 ], [ -89.625760313870032, 43.096581084621413 ], [ -89.627869886940545, 43.096643476173085 ], [ -89.630888490399883, 43.096732657359198 ], [ -89.633896397619125, 43.096821451404942 ], [ -89.636729903214174, 43.096905026591173 ], [ -89.638295427802518, 43.095154511565227 ], [ -89.639828093814415, 43.093443684185395 ], [ -89.643960122237488, 43.093460063501752 ], [ -89.64778688156747, 43.093475101978747 ], [ -89.650295802494156, 43.093484668875291 ], [ -89.650502576706245, 43.092217109627455 ], [ -89.650741613911777, 43.090751707733261 ], [ -89.652067065537068, 43.089176015535152 ], [ -89.653449222416384, 43.088034744298163 ], [ -89.655296219725969, 43.086509597287851 ], [ -89.655432280355527, 43.084534712017273 ], [ -89.656673702670844, 43.083184491733562 ], [ -89.658163634028057, 43.080838887724951 ], [ -89.659790371616467, 43.078277742653732 ], [ -89.660791370625788, 43.076816515782589 ], [ -89.661781119134474, 43.075371610659793 ], [ -89.664921501806973, 43.075417490071793 ], [ -89.667588715768204, 43.075456403455632 ], [ -89.669982428658017, 43.075491277380515 ], [ -89.672922314545644, 43.075534010985805 ], [ -89.675580962172305, 43.073362875816535 ], [ -89.675597747193393, 43.071630900750549 ], [ -89.675624781093546, 43.068842275393635 ], [ -89.675647340485284, 43.066515937905628 ], [ -89.675670264593023, 43.064148636473746 ], [ -89.675692761102681, 43.061829072648926 ], [ -89.676938852860843, 43.059883247738952 ], [ -89.676921064421578, 43.057952717420541 ], [ -89.676903379288589, 43.056031118162316 ], [ -89.676365888508016, 43.054116391660315 ], [ -89.676339964027221, 43.054117338855981 ], [ -89.675763310293519, 43.051969613520178 ], [ -89.675764308321803, 43.050274854615374 ], [ -89.675764923667771, 43.049260684688413 ], [ -89.675765378215303, 43.048492408568308 ], [ -89.675766505600976, 43.046605779397254 ], [ -89.678896844210314, 43.04658917550946 ], [ -89.680723390474128, 43.046579450954525 ], [ -89.681989351169761, 43.046572679281184 ], [ -89.685158810511382, 43.046555709064002 ], [ -89.686875364356865, 43.046238466237703 ], [ -89.688598445361222, 43.04652427246284 ], [ -89.692308387771646, 43.046525565745192 ], [ -89.695605548020794, 43.04652660693597 ], [ -89.695615701678463, 43.045004339596424 ], [ -89.69563068647571, 43.042754164941741 ], [ -89.698130029564851, 43.041873658217661 ], [ -89.700692803594507, 43.040970694769058 ], [ -89.700711006157107, 43.039333889046624 ], [ -89.700737808291919, 43.036921729758369 ], [ -89.700764164862363, 43.034549686205651 ], [ -89.702179262963128, 43.032827254765884 ], [ -89.703599802159573, 43.031098044284768 ], [ -89.706005593796704, 43.029540723921848 ], [ -89.707354520197015, 43.028297278629672 ], [ -89.707682190578367, 43.027995238256686 ], [ -89.70936004050985, 43.026448448867463 ], [ -89.711034954746964, 43.024904301888462 ], [ -89.710972025964693, 43.022629416326438 ], [ -89.710927317711324, 43.021013118711821 ], [ -89.71090986164873, 43.020382022201083 ], [ -89.710447867979553, 43.018760887307032 ], [ -89.708236748451014, 43.017987944346977 ], [ -89.706250790750133, 43.017293672557727 ], [ -89.705261123089826, 43.015607104608712 ], [ -89.703917993518061, 43.01331797902823 ], [ -89.702600884546783, 43.01107307978041 ], [ -89.701363861281408, 43.008964480887549 ], [ -89.701369430836181, 43.006250402923435 ], [ -89.701374352705628, 43.003855083020966 ], [ -89.704384096979624, 43.003210040463266 ], [ -89.707722043437627, 43.001844885852556 ], [ -89.711049276587545, 43.000483969313429 ], [ -89.714251233382896, 42.999174114526923 ], [ -89.716320734405215, 42.998358739510536 ], [ -89.718545801176859, 42.997482007074623 ], [ -89.72058747867986, 42.996689864231115 ], [ -89.723061543176911, 42.995827186184698 ], [ -89.725422189081115, 42.995003988720981 ], [ -89.727820471700781, 42.994167580125598 ], [ -89.730207643058719, 42.99333499079156 ], [ -89.730730947644304, 42.993222215314916 ], [ -89.732857194344817, 42.992763959202229 ], [ -89.735487615108624, 42.992196990882512 ], [ -89.738724378027968, 42.992183656966922 ], [ -89.741393427247317, 42.992610964386344 ], [ -89.74415877496682, 42.993053623025993 ], [ -89.745092271870703, 42.993495378968007 ], [ -89.746940656179092, 42.994359974815403 ], [ -89.74983279121949, 42.99571797310977 ], [ -89.752662151987806, 42.99704634603556 ], [ -89.755259525528942, 42.998265714278119 ], [ -89.75821968190094, 42.99916180835163 ], [ -89.760216593658413, 42.999766240278767 ], [ -89.761186957421586, 43.000059939808722 ], [ -89.763073278482736, 43.001673183481003 ], [ -89.763191201228395, 43.001774031976694 ], [ -89.765464043101787, 43.002895131084891 ], [ -89.767401591490341, 43.003850933756297 ], [ -89.770045252523119, 43.005119340927905 ], [ -89.770518518252473, 43.005346838500998 ], [ -89.773876925637708, 43.006293299743298 ], [ -89.777376172689799, 43.006348254270286 ], [ -89.780806677063097, 43.006402034836114 ], [ -89.784224215153586, 43.00645552236977 ], [ -89.787989596193441, 43.007329510296245 ], [ -89.791515321986864, 43.008751937736569 ], [ -89.7951959730308, 43.009824481618885 ], [ -89.798556429473194, 43.009879904626992 ], [ -89.802152796085608, 43.009939123694231 ], [ -89.805851656878687, 43.00994912600401 ], [ -89.809246445134619, 43.009958167953961 ], [ -89.812958543501708, 43.009967988304993 ], [ -89.815966933116258, 43.009975836702097 ], [ -89.819552775965121, 43.009985072427597 ], [ -89.823168341371783, 43.009994295670992 ], [ -89.826733013624363, 43.009980800083596 ], [ -89.830408428388495, 43.009966755341928 ], [ -89.834371916694607, 43.009951501938239 ], [ -89.837767861082298, 43.009807111708234 ], [ -89.838307063153508, 43.009784170780271 ], [ -89.841038415927699, 43.00966796043641 ], [ -89.845096646851857, 43.00949513760731 ], [ -89.848941761458022, 43.009331269625115 ], [ -89.852824209149077, 43.009165674246731 ], [ -89.856163382705759, 43.009023158246492 ], [ -89.859761345624449, 43.008973383721717 ], [ -89.862925028798784, 43.008949834201779 ], [ -89.866329500893471, 43.009174572453581 ], [ -89.870083746417066, 43.009422300878121 ], [ -89.87380920093581, 43.009667978172253 ], [ -89.877332257834524, 43.009900201575917 ], [ -89.878119037394654, 43.009951837603815 ], [ -89.881153770104902, 43.010151971469625 ], [ -89.884435849437082, 43.010201314784759 ], [ -89.88771688672351, 43.010250535224365 ], [ -89.890632266570194, 43.010095693451547 ], [ -89.893726472243827, 43.009725205120155 ], [ -89.897107962738588, 43.009481744384303 ], [ -89.900282836226438, 43.008436218567404 ], [ -89.903699642189977, 43.008280026894361 ], [ -89.906994712957783, 43.009221581975439 ], [ -89.910782808797919, 43.009303689585622 ], [ -89.912893485897911, 43.009349383265544 ], [ -89.913283780532652, 43.009446687745566 ], [ -89.913283785024234, 43.009443113633147 ], [ -89.915455013065952, 43.009984395841784 ], [ -89.917483663200713, 43.009978764414114 ], [ -89.923621930588865, 43.00995082469516 ], [ -89.925082788870185, 43.009487856040295 ], [ -89.92618736273343, 43.009470311303033 ], [ -89.928806462928051, 43.009428666097769 ], [ -89.932390865777506, 43.009380997877869 ], [ -89.933801870255536, 43.009362214222911 ], [ -89.935318983734902, 43.009341974245345 ], [ -89.937888753844007, 43.009261355192727 ], [ -89.94073609798599, 43.009378141737955 ], [ -89.943710228550572, 43.009215302129704 ], [ -89.94696532518654, 43.009205673469616 ], [ -89.950121719430669, 43.009196264865423 ], [ -89.953393006403019, 43.00869172955727 ], [ -89.956445642536892, 43.007131319570277 ], [ -89.959527529613027, 43.005708877593534 ], [ -89.963155668738736, 43.004991077553036 ], [ -89.96646105935254, 43.004751033168318 ], [ -89.969703715220135, 43.004916241689408 ], [ -89.97287257269052, 43.004700777589335 ], [ -89.976126884198948, 43.003661281973784 ], [ -89.978686457531253, 43.002155873945547 ], [ -89.980453703308228, 42.999807518208407 ], [ -89.982607012654981, 42.997767868881319 ], [ -89.985177866132304, 42.996130033284928 ], [ -89.988201435478516, 42.995379881912996 ], [ -89.991608173124362, 42.994902163263376 ], [ -89.994813161733788, 42.994452622246079 ], [ -89.998090951610465, 42.993992757649927 ], [ -90.000486712659139, 42.991580716922883 ], [ -90.003665306070573, 42.990640667572904 ], [ -90.007053919307239, 42.989638397161301 ], [ -90.009983903065489, 42.987681038989443 ], [ -90.01196215591618, 42.985203571065135 ], [ -90.014087152161792, 42.983041887438681 ], [ -90.01597323067783, 42.98112310383577 ], [ -90.018194070876049, 42.978969871080707 ], [ -90.020460922783116, 42.977668997458863 ], [ -90.021231167952138, 42.977226979895185 ], [ -90.024402496687856, 42.976009914562454 ], [ -90.027981375796642, 42.975386772399467 ], [ -90.031450744882406, 42.974782589040622 ], [ -90.034615574307054, 42.973952882139741 ], [ -90.037348840492811, 42.972911996816393 ], [ -90.039961102711459, 42.972720402599911 ], [ -90.040964446323656, 42.972231429332552 ], [ -90.042963401748395, 42.971257200618275 ], [ -90.045692536582152, 42.969532957658863 ], [ -90.048557746418524, 42.968051882043497 ], [ -90.051863161286832, 42.967371086586368 ], [ -90.055404131490604, 42.967257001390912 ], [ -90.058848473512541, 42.96714592921861 ], [ -90.061985590809002, 42.967044660392631 ], [ -90.065477722305744, 42.966931839970698 ], [ -90.068346920661952, 42.966977764990901 ], [ -90.07222362632173, 42.967039734297863 ], [ -90.075481989232088, 42.967091692943107 ], [ -90.078468775262365, 42.96710860361766 ], [ -90.081493594165153, 42.967125651013802 ], [ -90.084992148616166, 42.967403748238922 ], [ -90.088277823006109, 42.967664808796741 ], [ -90.091797177947527, 42.967944353651838 ], [ -90.094879156651842, 42.967808966105146 ], [ -90.09808256602301, 42.967147104537879 ], [ -90.101914028931802, 42.967152236370644 ], [ -90.105408941612652, 42.967156803550253 ], [ -90.109194206861332, 42.967161630377753 ], [ -90.112153685903607, 42.968705169644146 ], [ -90.115176387477277, 42.970031425482986 ], [ -90.118542312863099, 42.971191792653478 ], [ -90.122128500665042, 42.971930981228539 ], [ -90.124648770907029, 42.972186263453693 ], [ -90.126492095005418, 42.972372940239339 ], [ -90.127148516441409, 42.972439410428379 ], [ -90.129579714231397, 42.972467246265261 ], [ -90.1320768043458, 42.972495783407567 ], [ -90.132807221808378, 42.972504090114548 ], [ -90.133968676995423, 42.972517366514666 ], [ -90.136715470012703, 42.972342496922657 ], [ -90.137526375626422, 42.972368566030532 ], [ -90.139673487496012, 42.972437563469249 ], [ -90.14225665418094, 42.973137781148857 ], [ -90.144920847107869, 42.973930192045138 ], [ -90.147738053670395, 42.974461079700816 ], [ -90.151023101036259, 42.974477254190951 ], [ -90.15477915576686, 42.974495628522277 ], [ -90.157362386232165, 42.974508184794132 ], [ -90.160013587723441, 42.974521024999191 ], [ -90.163025300206229, 42.97453551492022 ], [ -90.166160856230704, 42.974510029719369 ], [ -90.169192206783933, 42.974327508707184 ], [ -90.172592278930352, 42.974122700031685 ], [ -90.175835820536832, 42.974184150790244 ], [ -90.179199956478627, 42.974247760591531 ], [ -90.182295681203414, 42.974306215430182 ], [ -90.184922966846898, 42.974355772223241 ], [ -90.18784043886987, 42.973978679772102 ], [ -90.191022688424496, 42.973733975812991 ], [ -90.19408876335504, 42.973413213565657 ], [ -90.197154806844523, 42.973092395748822 ], [ -90.200220817994662, 42.972771468464977 ], [ -90.203286834534694, 42.972450484952105 ], [ -90.206352773819589, 42.972129414317052 ], [ -90.209419332942076, 42.971893019648626 ], [ -90.21292714632871, 42.97161239769472 ], [ -90.216392606844678, 42.971289844432249 ], [ -90.219621273248364, 42.970982400724317 ], [ -90.222763162395623, 42.970683129000591 ], [ -90.225817835908543, 42.970392078678188 ], [ -90.228720530645091, 42.969956674563086 ], [ -90.231934839275581, 42.969427999978365 ], [ -90.234923820788424, 42.96902594264256 ], [ -90.237765144421388, 42.968599509188671 ], [ -90.240415098152752, 42.968201731546515 ], [ -90.243656294258017, 42.967715097949807 ], [ -90.247003979352016, 42.967353970238065 ], [ -90.250080756810831, 42.967167763991164 ], [ -90.253095314258118, 42.967181662726652 ], [ -90.256152802192844, 42.967195659402201 ], [ -90.256304817800185, 42.968791134647546 ], [ -90.259368930810126, 42.968921120161816 ], [ -90.262429918581191, 42.96905089308796 ], [ -90.265435013175278, 42.969178189632196 ], [ -90.268468820620797, 42.969306655932471 ], [ -90.270816595463614, 42.969320725743692 ], [ -90.273416131249647, 42.969336254788743 ], [ -90.275971018071132, 42.969351448599866 ], [ -90.278722464361593, 42.968962406975869 ], [ -90.280709632093163, 42.968681375943511 ], [ -90.281385101406443, 42.9676952294502 ], [ -90.28449291026844, 42.967716322558054 ], [ -90.287801278797389, 42.967714357794748 ], [ -90.291161015689227, 42.967736976561518 ], [ -90.294202723817676, 42.967781686233678 ], [ -90.29722034631672, 42.96780184195876 ], [ -90.300330818683548, 42.967822522226719 ], [ -90.303380315205487, 42.967842731182166 ], [ -90.30634339289881, 42.967862268339957 ], [ -90.309452791778838, 42.967831858943754 ], [ -90.312494949963238, 42.967789258024482 ], [ -90.314915967146121, 42.967755298348159 ], [ -90.315694598986639, 42.967744400458344 ], [ -90.31888402967364, 42.967699525111591 ], [ -90.322093192754195, 42.967637319172418 ], [ -90.322200513582885, 42.970147182318584 ], [ -90.325257122965255, 42.969942039612867 ], [ -90.328247377390866, 42.96974125944466 ], [ -90.329804792887145, 42.969636581476735 ], [ -90.331339502566308, 42.969533572245496 ], [ -90.334266713225261, 42.969426710330239 ], [ -90.337188533992517, 42.969319952742225 ], [ -90.340205938200967, 42.969209623117493 ], [ -90.340353690403944, 42.967404717150167 ], [ -90.343515512269022, 42.967367840008741 ], [ -90.346983641679685, 42.967327305430835 ], [ -90.349631963172172, 42.967296259469087 ], [ -90.350348878057702, 42.967287859374423 ], [ -90.353666775016876, 42.967248846477318 ], [ -90.357062376248138, 42.967208860039818 ], [ -90.360433128281997, 42.967169043826637 ], [ -90.363750266164757, 42.967129765947156 ], [ -90.366838162071843, 42.967093106877066 ], [ -90.3702916148074, 42.967052017324484 ], [ -90.372097597736044, 42.96703049277469 ], [ -90.372097647143406, 42.967030483571939 ], [ -90.374579216166325, 42.966552568262685 ], [ -90.377020902685572, 42.966971653050713 ], [ -90.380491078458448, 42.966930055950769 ], [ -90.383824478542806, 42.966889999627981 ], [ -90.386983438375381, 42.966927815736994 ], [ -90.390184043206219, 42.966851339470416 ], [ -90.393082168212928, 42.966781994604837 ], [ -90.395886559409604, 42.966714824148447 ], [ -90.398698267384276, 42.966647420262063 ], [ -90.399860802346282, 42.966158939710802 ], [ -90.40302274009403, 42.966130694120366 ], [ -90.406181685553577, 42.966102370949812 ], [ -90.409330355184593, 42.966074051710308 ], [ -90.412709788537356, 42.966043571751065 ], [ -90.416309675647383, 42.966011004691978 ], [ -90.418913677856992, 42.965987350622029 ], [ -90.419556699123888, 42.96598110842816 ], [ -90.419701737516391, 42.965980722563835 ], [ -90.421862688831268, 42.965960518255443 ], [ -90.424294761580356, 42.965938938763607 ], [ -90.424613992289608, 42.965935391043928 ], [ -90.422971895306446, 42.967487027880772 ], [ -90.422608298601915, 42.967794182744591 ] ], [ [ -90.424613992289608, 42.965935391043928 ], [ -90.426365520244062, 42.96446340958024 ], [ -90.428108790884423, 42.962998290144427 ], [ -90.428536259602268, 42.96263901026321 ], [ -90.430047371437226, 42.961368928250998 ], [ -90.43206431742216, 42.959673491596163 ], [ -90.433911609379166, 42.958120623537617 ], [ -90.434042718494879, 42.958010405970761 ], [ -90.437412418601554, 42.95502980151695 ], [ -90.437434156034783, 42.955024764663136 ], [ -90.439765781863741, 42.953070227157681 ], [ -90.441840484131561, 42.951330918553786 ], [ -90.441924324795337, 42.951260628451884 ], [ -90.444404174442795, 42.949181482153804 ], [ -90.448158059741971, 42.947521741313743 ], [ -90.45161399452266, 42.946013198726021 ], [ -90.455223651709701, 42.944437367182537 ], [ -90.458578893431877, 42.942972427185893 ], [ -90.461664578585044, 42.941619052814303 ], [ -90.463897410393997, 42.941120137777375 ], [ -90.467114578362043, 42.93967924469635 ], [ -90.47014595945798, 42.938206552916398 ], [ -90.472997461003104, 42.936821111449177 ], [ -90.476261915389415, 42.935234868365846 ], [ -90.479948328227593, 42.93344338184815 ], [ -90.483337424757863, 42.931796184209546 ], [ -90.486042815322037, 42.930481153157672 ], [ -90.489779293067613, 42.928760768365976 ], [ -90.493269184166039, 42.927060394087256 ], [ -90.496784009801814, 42.925347668366257 ], [ -90.499617581872187, 42.923966761908275 ], [ -90.503181722322083, 42.922229633967412 ], [ -90.506502957420864, 42.920610706851619 ], [ -90.509312210299868, 42.919241204601434 ], [ -90.512083390780504, 42.917890135511676 ], [ -90.514342746246541, 42.916788508869736 ], [ -90.516823933485469, 42.915578624231458 ], [ -90.519785873013319, 42.914134182200037 ], [ -90.522818668057482, 42.912615493000843 ], [ -90.526357248742627, 42.910957276542277 ], [ -90.52986542594698, 42.90931311084266 ], [ -90.533275990415916, 42.907714506666139 ], [ -90.536680453527453, 42.906118578525458 ], [ -90.539915142236794, 42.904602068529208 ], [ -90.543358629062567, 42.902987484491788 ], [ -90.546536239717085, 42.901497398003237 ], [ -90.550157995414381, 42.899798842996461 ], [ -90.553458513566085, 42.898250762452143 ], [ -90.556572053679588, 42.896792233987298 ], [ -90.560069982903173, 42.895153455483559 ], [ -90.56329215987725, 42.893643695299673 ], [ -90.566829121798236, 42.891986254493681 ], [ -90.57057748425504, 42.890255093612424 ], [ -90.574118450865555, 42.888379022514528 ], [ -90.577159511308679, 42.886713899931635 ], [ -90.580187649486462, 42.885105459233962 ], [ -90.583614284815823, 42.883285152365744 ], [ -90.586339713200715, 42.881957363942909 ], [ -90.589542553938301, 42.880251907273362 ], [ -90.591743410214718, 42.878967509868474 ], [ -90.594829121419053, 42.877333008013309 ], [ -90.597827731075114, 42.875744481611555 ], [ -90.60101131552625, 42.874057788799973 ], [ -90.604201128895582, 42.872367617254952 ], [ -90.605413042452142, 42.871732713756792 ], [ -90.607118509290387, 42.870839202202923 ], [ -90.610503187906104, 42.869102477728106 ], [ -90.613815499140856, 42.867402695412309 ], [ -90.617291768186291, 42.865618570641765 ], [ -90.620111601422707, 42.864112688096462 ], [ -90.62273455, 42.862899477670027 ], [ -90.626069087351496, 42.861356976660552 ], [ -90.629193728845294, 42.859914315107211 ], [ -90.630670781056253, 42.859232301628985 ], [ -90.632680997761383, 42.858304047141701 ], [ -90.63663671653859, 42.856477241604424 ], [ -90.639669779280752, 42.855076363284049 ], [ -90.642731210819562, 42.853662239403967 ], [ -90.645787234500375, 42.852250465826799 ], [ -90.649297979089809, 42.850624954039418 ], [ -90.653058352920269, 42.848883648034978 ], [ -90.656818515646634, 42.847142218516048 ], [ -90.657819031362322, 42.846678816866586 ], [ -90.659797763913389, 42.845762294280902 ], [ -90.662608466673262, 42.84446030857611 ], [ -90.666351741970587, 42.842777825426744 ], [ -90.669963828202185, 42.841103652506746 ], [ -90.67311313114547, 42.839598370924286 ], [ -90.676838472476476, 42.837871362459715 ], [ -90.680589305300302, 42.836132316737142 ], [ -90.684744939652418, 42.835314612802648 ], [ -90.68611403233254, 42.833827532713883 ], [ -90.68887313586248, 42.832480445479277 ], [ -90.690316305417568, 42.831290156699282 ], [ -90.694002031942873, 42.829497082862822 ], [ -90.696281734250093, 42.828387916926374 ], [ -90.696701022908968, 42.828183906926107 ], [ -90.699574436160503, 42.826785735791049 ], [ -90.702708593508092, 42.825260534245544 ], [ -90.704612997655914, 42.824825958158634 ], [ -90.707551073438239, 42.823395330183047 ], [ -90.710324356874949, 42.822044815370965 ], [ -90.713681444635029, 42.820409835021707 ], [ -90.716682039567843, 42.818948318855135 ], [ -90.719360014447858, 42.817643818377519 ], [ -90.722541029717306, 42.816094121537027 ], [ -90.72591292440822, 42.814451254154037 ], [ -90.728941555761068, 42.812975473837923 ], [ -90.731970041586848, 42.811499614152623 ], [ -90.735815414907805, 42.810821046535686 ], [ -90.738476890430988, 42.810351309609104 ], [ -90.740643279248275, 42.809968901125316 ], [ -90.741716354584383, 42.809779466444859 ], [ -90.744900089054212, 42.809217362961022 ], [ -90.74852796587183, 42.808576723159888 ], [ -90.751121853949684, 42.80786131561127 ], [ -90.753798581968084, 42.807122982166504 ], [ -90.757124181980814, 42.806205554591216 ], [ -90.760779110664927, 42.805197134113563 ], [ -90.764143514304664, 42.804268739305172 ], [ -90.767058395586361, 42.803464287223875 ], [ -90.77060121901458, 42.802486471928972 ], [ -90.773196256037664, 42.801770156227526 ], [ -90.776254743797296, 42.800925815893514 ], [ -90.779360329328966, 42.800068365346121 ], [ -90.782959869689265, 42.798988533430716 ], [ -90.786930012715004, 42.797797342106996 ], [ -90.791069178253011, 42.796555245531991 ], [ -90.79521062102026, 42.79531226644378 ], [ -90.798911394326581, 42.794248635963172 ], [ -90.802738530050647, 42.793113832512859 ], [ -90.806829179376777, 42.791900705056527 ], [ -90.810861752619815, 42.790704611135112 ], [ -90.8150137478967, 42.789472900148013 ], [ -90.819145793387762, 42.788246908660227 ], [ -90.823231790339065, 42.787034386601341 ], [ -90.827459126420507, 42.786463087383666 ], [ -90.831711588380458, 42.785888224807714 ], [ -90.835239554572183, 42.785259998930925 ], [ -90.839537695864351, 42.784685077054938 ], [ -90.843526630747505, 42.784147960109429 ], [ -90.847688554204922, 42.783576702820291 ], [ -90.851299525627226, 42.782576986913512 ], [ -90.855166524990352, 42.78148997112519 ], [ -90.859060442370946, 42.780445021237895 ], [ -90.863345152052958, 42.779257577396564 ], [ -90.867401910638392, 42.778133117989547 ], [ -90.87157972978477, 42.776974908964547 ], [ -90.876707450868736, 42.775535047269052 ], [ -90.879010797732562, 42.774888171704895 ], [ -90.882697788187471, 42.773852587949797 ], [ -90.886363124752464, 42.772822934757798 ], [ -90.889395104126379, 42.771971086336556 ], [ -90.893388668926505, 42.770848918684784 ], [ -90.895933175714859, 42.769701600636708 ], [ -90.899628923845469, 42.768035011048227 ], [ -90.90266742139508, 42.766512002384324 ], [ -90.906077447773157, 42.764968163098111 ], [ -90.909487303471337, 42.763424221364637 ], [ -90.912736044526696, 42.761953068025541 ], [ -90.916336663763673, 42.760322374036278 ], [ -90.919373913553343, 42.758948629775752 ], [ -90.922185537086378, 42.75772442415726 ], [ -90.92589292917971, 42.756040746916597 ], [ -90.928364129847637, 42.754890861171006 ], [ -90.932521581491557, 42.753220223464709 ], [ -90.935476421633695, 42.752032698932929 ], [ -90.938130130322946, 42.750966093983799 ], [ -90.941108232339388, 42.749768986982666 ], [ -90.941530437827979, 42.749599263962949 ], [ -90.944011645728139, 42.748601784026633 ], [ -90.945695340098879, 42.747459388138722 ], [ -90.94961653841635, 42.745956503704825 ], [ -90.953058827787856, 42.744508685928039 ], [ -90.956969469104095, 42.742940262517919 ], [ -90.958798839671189, 42.742676385165268 ], [ -90.961957693502569, 42.74140861912371 ], [ -90.965323477852905, 42.740057650086086 ], [ -90.968655445124384, 42.738770813214074 ], [ -90.972142603547709, 42.737368780527184 ], [ -90.975796871970076, 42.735899380622463 ], [ -90.979390729587905, 42.7344099738404 ], [ -90.982961302873562, 42.732977209757308 ], [ -90.986028636343804, 42.731746237777294 ], [ -90.986988695532332, 42.731367080402514 ], [ -90.989889630469236, 42.730221334199022 ], [ -90.993633992728078, 42.72849886307182 ], [ -90.996283705710951, 42.727864047481653 ], [ -90.997445745701228, 42.727585622670283 ], [ -90.999811958465258, 42.727058594680955 ], [ -91.003116214506861, 42.726322538295882 ], [ -91.004622696424846, 42.725879924530062 ], [ -91.007347925383741, 42.723851580805011 ], [ -91.008401445294439, 42.723622002801363 ], [ -91.00717263263077, 42.722958724216241 ], [ -91.006873618506987, 42.722358530187599 ], [ -91.007408767379616, 42.721684576532134 ], [ -91.00781321048008, 42.719516907869668 ] ] ] } },
{ "type": "Feature", "properties": { "ID": "400551", "STATUS": "UNDER CONSTRUCTION", "OWNER": "NORTHERN STATES POWER CO - WISCONSIN", "VOLTAGE": 345.0, "VOLT_CLASS": "345", "SUB_1": "TREMVAL NORTH", "SUB_2": "JUMP RIVER" }, "geometry": { "type": "LineString", "coordinates": [ [ -91.257755184717723, 44.301811160695394 ], [ -91.258048060653181, 44.301811649297818 ], [ -91.258108894564216, 44.301811215984642 ], [ -91.258686518478427, 44.302271823512832 ], [ -91.260634048946415, 44.303875991537197 ], [ -91.262183054415019, 44.305141036234616 ], [ -91.263628476046506, 44.306298375961227 ], [ -91.265433079162889, 44.30777571379523 ], [ -91.267146690127532, 44.309169826876463 ], [ -91.268734979821801, 44.31046399732579 ], [ -91.270048948282849, 44.311532021718797 ], [ -91.271784789855801, 44.312942065488315 ], [ -91.27357804904679, 44.314414016895348 ], [ -91.275325028830949, 44.315835986316031 ], [ -91.276993801286494, 44.317178880377497 ], [ -91.278585267423622, 44.318485974041984 ], [ -91.280556974250842, 44.320070987451984 ], [ -91.280552919255641, 44.32174726038415 ], [ -91.28055999169186, 44.323712677741646 ], [ -91.280560152490324, 44.324288738771493 ], [ -91.28056045252761, 44.32536849486646 ], [ -91.280553665755647, 44.327311538313261 ], [ -91.280559169733394, 44.329232106170558 ], [ -91.280553327989097, 44.331397013962238 ], [ -91.280544943114236, 44.333008563113339 ], [ -91.280549061889815, 44.33499002892205 ], [ -91.280549249637701, 44.33501197403973 ], [ -91.280548999007735, 44.335022681871457 ], [ -91.280539663715317, 44.337133606768077 ], [ -91.28052817156788, 44.338426366990504 ], [ -91.281520715633718, 44.339609796250556 ], [ -91.281591960120593, 44.339696805844291 ], [ -91.292639591503345, 44.353115828164846 ], [ -91.294017144516829, 44.354809830155858 ], [ -91.294147316689674, 44.354978963605859 ], [ -91.294210875190998, 44.3550463925529 ], [ -91.29551830930663, 44.356623206294003 ], [ -91.295942009591869, 44.357127175696959 ], [ -91.297014951977317, 44.358403342397693 ], [ -91.298169099369517, 44.359776910083703 ], [ -91.299415289044049, 44.361266640274629 ], [ -91.300219301884596, 44.362232376413345 ], [ -91.301920933814898, 44.364249437634399 ], [ -91.303066292090364, 44.365609997959737 ], [ -91.304248740007267, 44.367024302501889 ], [ -91.305631364908834, 44.368700133057885 ], [ -91.306714807701667, 44.369986225132308 ], [ -91.306709420504902, 44.371014379939844 ], [ -91.306708424273239, 44.371204494052762 ], [ -91.30672360310659, 44.373077289024756 ], [ -91.306736106757043, 44.374856599641809 ], [ -91.306728962455594, 44.378310880117859 ], [ -91.307058438450653, 44.380355394631927 ], [ -91.307454486794796, 44.382901139998154 ], [ -91.307864843504788, 44.385584243899721 ], [ -91.308379005935763, 44.388943610052124 ], [ -91.308501166932942, 44.389773355942779 ], [ -91.31008032974394, 44.393305794266077 ], [ -91.310945679552063, 44.395247528281644 ], [ -91.310998842748887, 44.395366813998066 ], [ -91.312417330193242, 44.39856646054205 ], [ -91.313823331055119, 44.401700862957739 ], [ -91.314914689802208, 44.404175181606121 ], [ -91.315833699575535, 44.406213440556222 ], [ -91.316254356368589, 44.407166510637275 ], [ -91.317519340595481, 44.4099864871298 ], [ -91.317902426250072, 44.410871274460163 ], [ -91.319168035704408, 44.413669405010204 ], [ -91.320655672764374, 44.417052304632072 ], [ -91.322520715431395, 44.41936721756165 ], [ -91.324122570584777, 44.421389119800224 ], [ -91.325257666506431, 44.422807088902395 ], [ -91.326189143997581, 44.424026256417257 ], [ -91.32861115292053, 44.425623879803588 ], [ -91.330704061344207, 44.427020804888578 ], [ -91.33221443296739, 44.42803322047147 ], [ -91.334362021842395, 44.429465822658521 ], [ -91.336429341755192, 44.430853061906767 ], [ -91.33806359824257, 44.43192778525718 ], [ -91.338413218957882, 44.432172918544481 ], [ -91.338801142040296, 44.432416171949569 ], [ -91.340297638285577, 44.433416142863308 ], [ -91.342597274208956, 44.434959831528694 ], [ -91.344155507172147, 44.43609994970565 ], [ -91.346282861495396, 44.43783717956363 ], [ -91.3478159452239, 44.43907923406335 ], [ -91.349877870753403, 44.44074780731269 ], [ -91.351546378205938, 44.442113420847519 ], [ -91.35218342118462, 44.442634357715185 ], [ -91.35574528081203, 44.445539159931364 ], [ -91.356580502922156, 44.446246053441399 ], [ -91.356641169746553, 44.447946352122827 ], [ -91.356646382670164, 44.450146145526396 ], [ -91.356648049045006, 44.45311256408332 ], [ -91.356645352302522, 44.454527781537145 ], [ -91.356648720984836, 44.456314960182873 ], [ -91.356664661589548, 44.459667206849993 ], [ -91.356679581708107, 44.461526374529029 ], [ -91.356681613697276, 44.462892798023859 ], [ -91.356703384368203, 44.465662920141561 ], [ -91.356719401329713, 44.46841785911321 ], [ -91.35672092666907, 44.469845048492473 ], [ -91.356728929759925, 44.471917730563653 ], [ -91.356707170767109, 44.474637701868879 ], [ -91.356675091928309, 44.477385194106333 ], [ -91.356649481857872, 44.478617584204969 ], [ -91.356625164463139, 44.480983584681979 ], [ -91.356576282636965, 44.482568684625306 ], [ -91.356563982904092, 44.484420123695024 ], [ -91.356574868688696, 44.488159058169281 ], [ -91.356586870180891, 44.490616021646687 ], [ -91.356595731162855, 44.492225736083931 ], [ -91.356657844274864, 44.495111215743172 ], [ -91.356741472037925, 44.496541912100795 ], [ -91.356785424808152, 44.497697551684467 ], [ -91.356958867031622, 44.501110481232338 ], [ -91.356958364873378, 44.501172871129405 ], [ -91.35696472674222, 44.501227552574711 ], [ -91.3571191722924, 44.504423768693449 ], [ -91.357282945050173, 44.508397994324824 ], [ -91.357292704347387, 44.508614366566789 ], [ -91.357406182229042, 44.511130271615279 ], [ -91.357354833629074, 44.5148393218482 ], [ -91.357366282657381, 44.516407543836074 ], [ -91.357343734045443, 44.519323769092964 ], [ -91.357313241631417, 44.521798569916584 ], [ -91.357299407576065, 44.523294549472276 ], [ -91.357276572401531, 44.525077367254312 ], [ -91.357336821509321, 44.526480699668305 ], [ -91.357885266346472, 44.529433652349937 ], [ -91.358234380411972, 44.531348358042713 ], [ -91.358800310956127, 44.534291797488784 ], [ -91.358405697221485, 44.53597432032209 ], [ -91.357963828509639, 44.537950616610807 ], [ -91.357540981623941, 44.539871875422484 ], [ -91.357168488004845, 44.541517006770405 ], [ -91.357183832128229, 44.544912926197284 ], [ -91.357194169042216, 44.546760036697961 ], [ -91.35719019399707, 44.549017873625566 ], [ -91.357175794003069, 44.551127833516809 ], [ -91.357171809076476, 44.552985493496031 ], [ -91.357203753167965, 44.555124046362664 ], [ -91.357239416284742, 44.557234131176834 ], [ -91.357258753419572, 44.559364034808048 ], [ -91.357282351263748, 44.560385333484945 ], [ -91.357278562169896, 44.560409236514552 ], [ -91.357283531650026, 44.560436414717763 ], [ -91.357283944875064, 44.560454270448567 ], [ -91.357320152370917, 44.562053394470517 ], [ -91.357340751638688, 44.562891577799554 ], [ -91.357367983168217, 44.563999569340794 ], [ -91.357446093478799, 44.567515375605474 ], [ -91.357501206019791, 44.569946266606671 ], [ -91.357529578409739, 44.571088425965186 ], [ -91.357494098549282, 44.573423810574511 ], [ -91.357399901208566, 44.577013407994627 ], [ -91.357342634507518, 44.578976433308412 ], [ -91.357289884535732, 44.581106255615005 ], [ -91.357298631431647, 44.582669819173695 ], [ -91.357329670021343, 44.584592636370793 ], [ -91.357402524289213, 44.587886066152379 ], [ -91.35742918359189, 44.59052915791262 ], [ -91.35742430214664, 44.592007415846062 ], [ -91.358430885083735, 44.594567879095464 ], [ -91.358972141601981, 44.595950751285841 ], [ -91.359111359809773, 44.596306439760873 ], [ -91.358644566442067, 44.598425551531015 ], [ -91.358528313664522, 44.599001080573125 ], [ -91.358228267376461, 44.600486476704759 ], [ -91.357724172364883, 44.602822086985256 ], [ -91.357416850621348, 44.60421511493962 ], [ -91.357178992903798, 44.605293230451565 ], [ -91.357175643086094, 44.607359859124173 ], [ -91.357173811421234, 44.608490142906895 ], [ -91.357156337392325, 44.610905627166083 ], [ -91.357134624213614, 44.613377507476351 ], [ -91.357165256764787, 44.614870680832063 ], [ -91.357219232936941, 44.617575332852361 ], [ -91.357220873260658, 44.619072649733582 ], [ -91.357209014600585, 44.620298725048812 ], [ -91.357200376400826, 44.621191655513805 ], [ -91.357164280296061, 44.623346532367819 ], [ -91.357080498022782, 44.626760441678954 ], [ -91.357037819961946, 44.628592839600273 ], [ -91.357027349199001, 44.629781127750363 ], [ -91.357039016517902, 44.632194343679288 ], [ -91.357069126249598, 44.634257458088641 ], [ -91.357117741276127, 44.636323924115743 ], [ -91.35722653713853, 44.639269431941742 ], [ -91.357207810858114, 44.641230832453253 ], [ -91.357180197544579, 44.642869877836553 ], [ -91.357132628157032, 44.645355780406561 ], [ -91.357109251298397, 44.646904242404041 ], [ -91.357089188324849, 44.648677509279388 ], [ -91.357042572948103, 44.650200845726694 ], [ -91.356988798896893, 44.652439930855884 ], [ -91.356954187707316, 44.654050999193551 ], [ -91.356946185514772, 44.656179504199756 ], [ -91.356943938828238, 44.658725323254487 ], [ -91.356943139327626, 44.660484652142628 ], [ -91.356949182294542, 44.662075293061598 ], [ -91.356977573549102, 44.66394439603414 ], [ -91.357026935973977, 44.667005549287246 ], [ -91.357005759089475, 44.669630041023218 ], [ -91.356921201570074, 44.671651442176874 ], [ -91.35679802637496, 44.674632002256736 ], [ -91.356698740976483, 44.678704849387337 ], [ -91.356712182468087, 44.680449328723263 ], [ -91.356722011833938, 44.683281899148128 ], [ -91.356749059208823, 44.686880870309757 ], [ -91.356657190301348, 44.689275385990456 ], [ -91.356595504787393, 44.691261689289838 ], [ -91.356491975747545, 44.694953291721774 ], [ -91.354685886817663, 44.697544246749864 ], [ -91.354610447198439, 44.699216656796935 ], [ -91.356353257901375, 44.701577472376329 ], [ -91.356317903805035, 44.7041984701006 ], [ -91.356289499974082, 44.705735687269538 ], [ -91.356284976058305, 44.705980522922296 ], [ -91.356268213495113, 44.707682959522295 ], [ -91.356317047710576, 44.70987566727414 ], [ -91.356285916594416, 44.71144216309871 ], [ -91.356235020745359, 44.712892038269601 ], [ -91.356271663025794, 44.714911262949393 ], [ -91.35630785614859, 44.716918765000962 ], [ -91.356303051958449, 44.717020819424526 ], [ -91.356311400900708, 44.717073706034917 ], [ -91.356371691330992, 44.718806216091323 ], [ -91.356607906029907, 44.720698556220519 ], [ -91.357744142811967, 44.721712902008882 ], [ -91.359443533445642, 44.723231026877741 ], [ -91.362146479693934, 44.725655991575962 ], [ -91.363418322558019, 44.726784364194707 ], [ -91.364946716182416, 44.728159977573981 ], [ -91.366660030703002, 44.729683605532593 ], [ -91.366654003905765, 44.730995023744889 ], [ -91.366644268863027, 44.732410394839135 ], [ -91.366650144743303, 44.733548738918877 ], [ -91.36664345229444, 44.735435727883491 ], [ -91.366681324368514, 44.738236578967978 ], [ -91.366705765730742, 44.740812962823995 ], [ -91.366538995294889, 44.743746719438938 ], [ -91.366491575027666, 44.745095573859231 ], [ -91.366419514870529, 44.748388511502007 ], [ -91.366346718094832, 44.751952412134251 ], [ -91.366417358913836, 44.755231739052938 ], [ -91.366481661220192, 44.758267440213778 ], [ -91.366665637088687, 44.76024364968552 ], [ -91.366836266687017, 44.762308597969202 ], [ -91.367024852709562, 44.764590647564177 ], [ -91.367094796435907, 44.765920492086288 ], [ -91.367308820950655, 44.769206211936947 ], [ -91.367324938523495, 44.770665861628743 ], [ -91.367465209556784, 44.773825480544446 ], [ -91.367528285662772, 44.77662376437528 ], [ -91.367585518227841, 44.778215124574949 ], [ -91.367676299275502, 44.78149312669936 ], [ -91.367746991298475, 44.783622013235217 ], [ -91.367775283738354, 44.786082376224691 ], [ -91.36774676222808, 44.788070629954333 ], [ -91.367729930494605, 44.790170492155731 ], [ -91.367738851663688, 44.79154491986472 ], [ -91.36957379717542, 44.794913109223373 ], [ -91.370686802625912, 44.796963606841082 ], [ -91.371633952125521, 44.798748520080323 ], [ -91.372291722831051, 44.799907034850733 ], [ -91.372385961494274, 44.80007301157697 ], [ -91.372390070388377, 44.800080276860378 ], [ -91.372403086078521, 44.800103283797675 ], [ -91.371960263355831, 44.80062137153817 ], [ -91.372577955724992, 44.802806966569825 ], [ -91.372578558494538, 44.802910677026986 ], [ -91.372587099676267, 44.804383003513749 ], [ -91.372587724903696, 44.804490713175475 ], [ -91.372570779982496, 44.806161644516585 ], [ -91.372538490039616, 44.80802940653232 ], [ -91.37366268760023, 44.809565963970442 ], [ -91.375332862325934, 44.811898383223522 ], [ -91.375897700518692, 44.812666538732145 ], [ -91.375908159603554, 44.812681916255173 ], [ -91.375916963991656, 44.812692829641882 ], [ -91.377039655975878, 44.814273265701352 ], [ -91.378188921922813, 44.815854144028506 ], [ -91.379176102148108, 44.817223843489124 ], [ -91.380195106988964, 44.818642813459157 ], [ -91.381227529965216, 44.820097996699587 ], [ -91.381236290335863, 44.820111836598571 ], [ -91.381249171278725, 44.820128397957696 ], [ -91.382992512885991, 44.822556613461288 ], [ -91.384303062359038, 44.824384944711348 ], [ -91.385595928495732, 44.826177661094462 ], [ -91.386857855755721, 44.827933145121222 ], [ -91.386868190873074, 44.82794889319333 ], [ -91.388162062224566, 44.829753676069942 ], [ -91.388171012139722, 44.82976473594163 ], [ -91.389331853777435, 44.831368911536444 ], [ -91.389393310220953, 44.831453835027958 ], [ -91.390657747373851, 44.833228310034606 ], [ -91.391953640833052, 44.835038827779861 ], [ -91.393245162191747, 44.836860613424534 ], [ -91.39441344367664, 44.83847441012152 ], [ -91.394486901612368, 44.838578850132066 ], [ -91.395502665331691, 44.840021898326633 ], [ -91.395501753541652, 44.840022363319058 ], [ -91.394589347283983, 44.840636888939343 ], [ -91.394596964997618, 44.842070452949436 ], [ -91.394477534878902, 44.843040362854097 ], [ -91.394472136902365, 44.843488752113096 ], [ -91.393912199019454, 44.843482219043729 ], [ -91.393883341539265, 44.841004446984698 ], [ -91.39192501691484, 44.84104925809703 ], [ -91.39150598607246, 44.841059369908791 ], [ -91.389178411645432, 44.84111550747064 ], [ -91.385290891167969, 44.841245937772349 ], [ -91.381544365765919, 44.841211047509248 ], [ -91.377840248930099, 44.841195759763352 ], [ -91.374328851265474, 44.841191376821115 ], [ -91.370603446154078, 44.841178956678128 ], [ -91.366937282240713, 44.841169032154554 ], [ -91.363258465556598, 44.841159021639172 ], [ -91.359893046820559, 44.841142852958939 ], [ -91.356890603154881, 44.841139519091655 ], [ -91.354032307651252, 44.841130980594272 ], [ -91.349975496963552, 44.841116526612758 ], [ -91.347825289499468, 44.841107898937025 ], [ -91.347746831540874, 44.841107937791818 ], [ -91.347239532238675, 44.841106360032114 ], [ -91.347331848507181, 44.843551445847531 ], [ -91.347254279880701, 44.845951231475439 ], [ -91.347052863220952, 44.848687400356674 ], [ -91.347050256309998, 44.848816252525992 ], [ -91.347031462655934, 44.849745113516292 ], [ -91.346997441659511, 44.851426650900116 ], [ -91.346891850986069, 44.854165174466551 ], [ -91.346770596389007, 44.856903151989222 ], [ -91.346784793363767, 44.85723515131059 ], [ -91.347391132824328, 44.871413105313508 ], [ -91.347564342384175, 44.872233489891094 ], [ -91.347573281519558, 44.872275828906659 ], [ -91.347582221553267, 44.87231817107422 ], [ -91.347806550642645, 44.873380636001365 ], [ -91.347878243388834, 44.873720178909196 ], [ -91.348269677985698, 44.879229867363406 ], [ -91.348284722970078, 44.883988496634323 ], [ -91.348728421550149, 44.886463894305535 ], [ -91.348650979586139, 44.891171952411995 ], [ -91.34856912330082, 44.891224330220055 ], [ -91.347486613857569, 44.891916988547251 ], [ -91.347445554560878, 44.893728015522598 ], [ -91.34770665259316, 44.895194047026799 ], [ -91.347791041229257, 44.895667860693351 ], [ -91.347708594750799, 44.899922515491291 ], [ -91.347316720877785, 44.901079068931097 ], [ -91.347266506850033, 44.901227261868037 ], [ -91.347149223704847, 44.906209526129324 ], [ -91.345922569692817, 44.906765179948351 ], [ -91.345371817083702, 44.907048574758754 ], [ -91.34486081672253, 44.907281988996303 ], [ -91.343718242326133, 44.907802810529702 ], [ -91.342982192426746, 44.908134325384921 ], [ -91.34281443294573, 44.908209882479959 ], [ -91.341728215257007, 44.908706700719293 ], [ -91.340525252513956, 44.909243422235299 ], [ -91.339330936055518, 44.909801991715334 ], [ -91.338651500680243, 44.910111287190411 ], [ -91.337344504044154, 44.910691728866489 ], [ -91.336867093488081, 44.910906254411174 ], [ -91.336303183254998, 44.911178666000929 ], [ -91.335729071753562, 44.911455999104774 ], [ -91.334782973282842, 44.911453895874786 ], [ -91.332393163572945, 44.911448546824964 ], [ -91.327313474508884, 44.911437011503061 ], [ -91.323809588556642, 44.911456427893945 ], [ -91.322589957573484, 44.911375723864005 ], [ -91.318760510484196, 44.91135320094557 ], [ -91.318742563043131, 44.911353095338569 ], [ -91.313954132048679, 44.911377926341935 ], [ -91.306504261463672, 44.911432712794664 ], [ -91.304293612652344, 44.911416683450909 ], [ -91.303741072395809, 44.9114218098386 ], [ -91.302347439538764, 44.911434730776534 ], [ -91.301756965224413, 44.911449662694807 ], [ -91.300854530266392, 44.911474038147645 ], [ -91.296702648177217, 44.91151427813918 ], [ -91.294068377234098, 44.911538706367949 ], [ -91.290217183728402, 44.911575624795638 ], [ -91.288398217448929, 44.911593223561489 ], [ -91.28740346891739, 44.911602835031402 ], [ -91.285330821994947, 44.911545587342246 ], [ -91.284226884138931, 44.91151508036851 ], [ -91.283928212273253, 44.911688474251363 ], [ -91.283768964329582, 44.91178402506133 ], [ -91.282161331212293, 44.912748602590334 ], [ -91.280028431588804, 44.914100382205191 ], [ -91.278252497306397, 44.915196660130647 ], [ -91.2769457486053, 44.916003267627502 ], [ -91.275126499356517, 44.91887740419903 ], [ -91.272104480502477, 44.918847326670857 ], [ -91.271996146374164, 44.918846427219954 ], [ -91.271823741704836, 44.918844995986206 ], [ -91.27155435132417, 44.918842129065816 ], [ -91.269531388423459, 44.918820575951919 ], [ -91.26521074613008, 44.918778952459832 ], [ -91.262203264712269, 44.918739943329491 ], [ -91.260617270213544, 44.918711536142119 ], [ -91.258917024383706, 44.91868702826855 ], [ -91.257194031414258, 44.918658014209932 ], [ -91.25490204823879, 44.918651028493635 ], [ -91.252569446839445, 44.918628107679481 ], [ -91.250270166648917, 44.918586828817844 ], [ -91.248600676439466, 44.918735036414724 ], [ -91.247857047454019, 44.918801045005857 ], [ -91.245548930536032, 44.918811980911599 ], [ -91.243995698494032, 44.918807701837956 ], [ -91.243244413167417, 44.918805624321202 ], [ -91.240938658818635, 44.918798941408561 ], [ -91.238505721890249, 44.918664073755146 ], [ -91.236063295159198, 44.918528576674952 ], [ -91.233576648858303, 44.918524239694442 ], [ -91.231092474721052, 44.918526458437242 ], [ -91.229182135404145, 44.91852652268409 ], [ -91.228648640329951, 44.918526534134031 ], [ -91.2244039784416, 44.91851749123002 ], [ -91.224345630168969, 44.918517364008494 ], [ -91.220510595558608, 44.918837227884715 ], [ -91.220334461084207, 44.918836391407957 ], [ -91.220279607258007, 44.9188361299692 ], [ -91.219688112457504, 44.918833317117219 ], [ -91.217353843784977, 44.918820440461708 ], [ -91.21501986796325, 44.918808105764221 ], [ -91.212691906362323, 44.918795348054608 ], [ -91.210364032796321, 44.918779163010427 ], [ -91.208025867232081, 44.918765222775633 ], [ -91.20569713936824, 44.918747904820009 ], [ -91.203658294253302, 44.918753037550914 ], [ -91.202143937703539, 44.918754169181582 ], [ -91.201605949256276, 44.918754566747147 ], [ -91.199556787888653, 44.918755980172236 ], [ -91.197508452072739, 44.918755812876618 ], [ -91.197232583042251, 44.918755900022987 ], [ -91.197051218576277, 44.918755954091921 ], [ -91.19546355680437, 44.918756434351145 ], [ -91.192946501632775, 44.918738278006344 ], [ -91.191292063594233, 44.918724216265502 ], [ -91.191291945914926, 44.918724215629389 ], [ -91.191291898304215, 44.918724215629389 ], [ -91.191291850693503, 44.918724214993276 ], [ -91.190428496941934, 44.918716868613309 ], [ -91.187915818362413, 44.918696602293998 ], [ -91.185404454916466, 44.918670822202394 ], [ -91.183328861519897, 44.918677605634642 ], [ -91.18124539888143, 44.918682204679101 ], [ -91.179164366185816, 44.918686811992622 ], [ -91.177080436423424, 44.918690013512297 ], [ -91.17487939060247, 44.91870328267413 ], [ -91.172670527641927, 44.918713829302 ], [ -91.172320627550548, 44.918712238402456 ], [ -91.168553379811527, 44.918394644739244 ], [ -91.166045905172453, 44.918392460341245 ], [ -91.16316719725063, 44.918772891018392 ], [ -91.162422295352414, 44.918799783610801 ], [ -91.161693878437958, 44.91881269334835 ], [ -91.15983833096351, 44.918841614457691 ], [ -91.157976028158117, 44.918872593983778 ], [ -91.155401413434689, 44.918916336267593 ], [ -91.153147638303196, 44.918956934262653 ], [ -91.150995256017822, 44.918997974320114 ], [ -91.150376933929664, 44.919023988986538 ], [ -91.148631380670167, 44.91909741164077 ], [ -91.148290694598671, 44.919112154554419 ], [ -91.146248735024656, 44.91920049936725 ], [ -91.143965981140411, 44.919197948606296 ], [ -91.143540343189116, 44.91919746771466 ], [ -91.140830285877044, 44.919189598520937 ], [ -91.140310069699382, 44.919177996690145 ], [ -91.140032530700779, 44.919171806162439 ], [ -91.138875612005933, 44.919145993206818 ], [ -91.13838819960749, 44.919135114613688 ], [ -91.135937713191709, 44.919067460175853 ], [ -91.133629096810452, 44.919064639065887 ], [ -91.131311342766111, 44.9190602480572 ], [ -91.128992555659195, 44.919055096270696 ], [ -91.12667321249512, 44.919057674390352 ], [ -91.124044668311925, 44.919031493716574 ], [ -91.121413090518033, 44.918962954338021 ], [ -91.118965624238243, 44.91891381984356 ], [ -91.116520675037876, 44.918860618696108 ], [ -91.11635995026387, 44.918858907577025 ], [ -91.114514822348383, 44.918839255148114 ], [ -91.111975375770015, 44.918848211491358 ], [ -91.109419418156747, 44.918860828610342 ], [ -91.106872041251052, 44.918846576068269 ], [ -91.104324926653433, 44.918843988397569 ], [ -91.101840026677422, 44.918885445183456 ], [ -91.099338755803686, 44.918927793755813 ], [ -91.097511590600632, 44.918962526877088 ], [ -91.096837912528045, 44.918975324624036 ], [ -91.094615763484441, 44.918972257973948 ], [ -91.09249234288383, 44.918918087459431 ], [ -91.09219474809818, 44.918909741786152 ], [ -91.089416135855217, 44.918882058568542 ], [ -91.085988591430763, 44.918847227438683 ], [ -91.066980882314226, 44.91923084959727 ], [ -91.066187168658431, 44.919251595347113 ], [ -91.065760812054918, 44.919255365508207 ], [ -91.063795981831177, 44.919272720204596 ], [ -91.061410982599625, 44.919292586850567 ], [ -91.059030045549775, 44.919311014634317 ], [ -91.056634547707475, 44.919335751237227 ], [ -91.054504025026247, 44.919289479507093 ], [ -91.05219096557758, 44.919209347517182 ], [ -91.049883155883421, 44.919130909351814 ], [ -91.047460085151812, 44.919033762055719 ], [ -91.04529925960108, 44.918949600634477 ], [ -91.043384636218605, 44.91895860721268 ], [ -91.040698511822313, 44.919018175014592 ], [ -91.038004909849633, 44.919086938234969 ], [ -91.035416471850624, 44.919155096441429 ], [ -91.032855809760193, 44.919154682976135 ], [ -91.030424280491857, 44.919164038105173 ], [ -91.027866744538613, 44.919170449996578 ], [ -91.027691478735093, 44.919172195455815 ], [ -91.025546248836022, 44.919193547430218 ], [ -91.023184902245873, 44.919184906646457 ], [ -91.020871326265933, 44.919178988370398 ], [ -91.018567021798034, 44.919155596416431 ], [ -91.016268708194744, 44.919135631127475 ], [ -91.0139633958171, 44.919115796232241 ], [ -91.011660601417191, 44.919099477061039 ], [ -91.009523669256382, 44.919083799711402 ], [ -91.009359344933031, 44.919082593027291 ], [ -91.007052546741903, 44.919057925650449 ], [ -91.004751677431642, 44.919035937523901 ], [ -91.002453842630416, 44.919026957674134 ], [ -90.999987623120745, 44.919023259377596 ], [ -90.9975150031147, 44.919010730076437 ], [ -90.995048671315615, 44.919009229511623 ], [ -90.99258068571811, 44.919003714506182 ], [ -90.990162391328866, 44.919003823915759 ], [ -90.987754918045525, 44.919006863847848 ], [ -90.985342246211616, 44.919010272082907 ], [ -90.983334380397594, 44.919011795547377 ], [ -90.982930098993862, 44.919012098331969 ], [ -90.98063024477986, 44.919024032877552 ], [ -90.978325314186222, 44.919029364683688 ], [ -90.976022687771248, 44.919037669629049 ], [ -90.973726035152936, 44.919051966650834 ], [ -90.971426429772293, 44.919065102783847 ], [ -90.969122686751433, 44.919069282606472 ], [ -90.966957761289734, 44.919073317397682 ], [ -90.964797460355143, 44.919076859846179 ], [ -90.962632379484916, 44.919085188956558 ], [ -90.960468513136945, 44.919091558874094 ], [ -90.958310207360583, 44.919096274928066 ], [ -90.956148073862806, 44.91909880406611 ], [ -90.953979873143609, 44.919103845167086 ], [ -90.951858566278858, 44.919104553783654 ], [ -90.949518890646644, 44.919111058552495 ], [ -90.947288727732399, 44.919111414132935 ], [ -90.945054731706833, 44.919117756059116 ], [ -90.942577308408943, 44.919118485666864 ], [ -90.940607212261028, 44.91912549931476 ], [ -90.938375267987581, 44.919127566006246 ], [ -90.936146206407855, 44.919137561056957 ], [ -90.933912595759566, 44.919136748756387 ], [ -90.931679403726164, 44.919141599659945 ], [ -90.92952710318751, 44.919145763574505 ], [ -90.927217276775522, 44.919145910513713 ], [ -90.92697190914221, 44.91914581764307 ], [ -90.926619809076698, 44.919142600246239 ], [ -90.926176547976169, 44.91910855676732 ], [ -90.922762560027664, 44.918805165053861 ], [ -90.922636416798852, 44.918806633818825 ], [ -90.920738234382682, 44.918828739712382 ], [ -90.920252884516145, 44.918875497160549 ], [ -90.916911655614086, 44.919197324592147 ], [ -90.916719558975402, 44.919198631777697 ], [ -90.914691484660736, 44.919301160191644 ], [ -90.914324808531447, 44.919319694837235 ], [ -90.911898695205963, 44.919479918959475 ], [ -90.909337448312286, 44.919502862333275 ], [ -90.906802136679161, 44.919519445369936 ], [ -90.904263140156772, 44.919537847000981 ], [ -90.901720099418966, 44.919556825565266 ], [ -90.899509929409675, 44.919563277486908 ], [ -90.897300611901585, 44.91956984263291 ], [ -90.89490509160143, 44.919497676873334 ], [ -90.892396750088082, 44.919417548990374 ], [ -90.891471502413424, 44.9193860068115 ], [ -90.889963314594723, 44.919334573182795 ], [ -90.887606771296419, 44.919342806204995 ], [ -90.886077584459628, 44.919343126798566 ], [ -90.88586043470599, 44.91934317068938 ], [ -90.885275145467446, 44.919343286459259 ], [ -90.882872072132358, 44.919352446275425 ], [ -90.880509113964635, 44.919357783139809 ], [ -90.873121645749137, 44.91938747874206 ], [ -90.871521536920667, 44.919378746389363 ], [ -90.871043014250262, 44.919379738066148 ], [ -90.868737842908118, 44.919368670596164 ], [ -90.866484389373497, 44.919364227450679 ], [ -90.864155272539136, 44.919356167450267 ], [ -90.861853940596504, 44.919354186004192 ], [ -90.859345853306394, 44.919327443154401 ], [ -90.856839859989208, 44.919302800054474 ], [ -90.855860285799437, 44.919292091965588 ], [ -90.854295433150895, 44.919274968179025 ], [ -90.851829727477593, 44.919256346373395 ], [ -90.849713702706723, 44.919221782632334 ], [ -90.847630666768012, 44.919194231237732 ], [ -90.844927042291701, 44.91915694812991 ], [ -90.842687665357587, 44.919128093969867 ], [ -90.842147578445832, 44.919123261512077 ], [ -90.840438004510105, 44.919107949290876 ], [ -90.838165044957393, 44.919091487630787 ], [ -90.83589610177232, 44.919086082678774 ], [ -90.833619183344183, 44.919082457537698 ], [ -90.831344970641666, 44.919073996117831 ], [ -90.829073448393402, 44.919066095738224 ], [ -90.82679918269028, 44.919057554167161 ], [ -90.824522278635186, 44.919048725712969 ], [ -90.822244556214841, 44.91904394795327 ], [ -90.820192217506047, 44.919046686371061 ], [ -90.817683713397642, 44.919074398133915 ], [ -90.815201656589522, 44.919102297533236 ], [ -90.812653045398633, 44.919126062900041 ], [ -90.810127537978531, 44.919150749330626 ], [ -90.807630259217916, 44.919156908055562 ], [ -90.805120774149231, 44.919165856716106 ], [ -90.803862097892249, 44.919172806748207 ], [ -90.792866028010181, 44.919149886142186 ], [ -90.792406253179777, 44.919147650884895 ], [ -90.789791994904547, 44.919132446807303 ], [ -90.787479963128561, 44.919122835324508 ], [ -90.785170050478342, 44.919113872663097 ], [ -90.782633672545003, 44.919098952277665 ], [ -90.78014187081267, 44.919080535239615 ], [ -90.777799020534232, 44.919082526236657 ], [ -90.775446774776242, 44.919076941267157 ], [ -90.773092444028492, 44.919077053857059 ], [ -90.770740762412487, 44.919072312357486 ], [ -90.768395030338624, 44.919070020484092 ], [ -90.76604140836163, 44.919064539834032 ], [ -90.763694312645157, 44.919054756592438 ], [ -90.762388758703395, 44.919054883812777 ], [ -90.74911461965128, 44.919008153862968 ], [ -90.743044216389606, 44.919004566246969 ], [ -90.742189202597118, 44.91900300270791 ], [ -90.739786581114629, 44.918996419050146 ], [ -90.737979906483218, 44.918993533690362 ], [ -90.735639624488172, 44.918982651887852 ], [ -90.733311448189909, 44.918974920698957 ], [ -90.730979183658789, 44.918965673676603 ], [ -90.728638641152315, 44.918956416475083 ], [ -90.726303409485794, 44.918955618802322 ], [ -90.723967646016646, 44.918946810051651 ], [ -90.721631563645573, 44.918939599190082 ], [ -90.719863303670635, 44.918934344980165 ], [ -90.718266747679095, 44.918935503323603 ], [ -90.717063835241689, 44.918937833368474 ], [ -90.714820800367747, 44.918934554894122 ], [ -90.712577353167092, 44.918936328985168 ], [ -90.710336616183611, 44.918935829008262 ], [ -90.708092224853601, 44.918938399500043 ], [ -90.705851315393616, 44.918940067997866 ], [ -90.703608034381261, 44.918939943321718 ], [ -90.700949263685388, 44.918940422943294 ], [ -90.699129452091242, 44.918944956448108 ], [ -90.696809904111291, 44.918949170629041 ], [ -90.694473293530805, 44.918954068620067 ], [ -90.69213749143411, 44.918960275073793 ], [ -90.689802599330775, 44.918968436906113 ], [ -90.687457310126348, 44.918975482377427 ], [ -90.685109867660188, 44.918982342742119 ], [ -90.68278136257851, 44.91898505889926 ], [ -90.680484471008342, 44.918993027989032 ], [ -90.6781803291355, 44.918992855605332 ], [ -90.675873945067721, 44.919001074682193 ], [ -90.673560072643724, 44.919005866439754 ], [ -90.671171815222621, 44.919000487559892 ], [ -90.669239868728184, 44.919015647781343 ], [ -90.664671953474738, 44.918998321631918 ], [ -90.664673692613121, 44.919550045417267 ] ] } },
{ "type": "Feature", "properties": { "ID": "400552", "STATUS": "UNDER CONSTRUCTION", "OWNER": "AMERICAN TRANSMISSION CO", "VOLTAGE": 345.0, "VOLT_CLASS": "345", "SUB_1": "JUPITER", "SUB_2": "MOUNT PLEASENT" }, "geometry": { "type": "MultiLineString", "coordinates": [ [ [ -87.911027242062502, 42.679112308162544 ], [ -87.911003062110012, 42.679627255791566 ] ], [ [ -87.911003062110012, 42.679627255791566 ], [ -87.908776752070011, 42.679580402922973 ], [ -87.90879771246054, 42.678954732857207 ], [ -87.909929009406852, 42.678975389118115 ] ], [ [ -87.911003062110012, 42.679627255791566 ], [ -87.912024720574223, 42.679661316654439 ] ], [ [ -87.919676505485654, 42.684387236199015 ], [ -87.913598579731769, 42.684326893956388 ], [ -87.913588558126463, 42.681122308407943 ], [ -87.910953941331954, 42.68107363135924 ], [ -87.911003062110012, 42.679627255791566 ] ], [ [ -87.919676505485654, 42.684387236199015 ], [ -87.919842193451586, 42.697576632806729 ], [ -87.929616643480472, 42.697676642775455 ], [ -87.931399411247256, 42.697473280024255 ], [ -87.931404223522222, 42.697039033385984 ] ], [ [ -87.929865130962781, 42.684404028262158 ], [ -87.919676505485654, 42.684387236199015 ] ], [ [ -87.929865130962781, 42.684404028262158 ], [ -87.929825731752757, 42.686509097882059 ], [ -87.930948870199643, 42.686529666449175 ] ], [ [ -87.931631435305363, 42.684834084203423 ], [ -87.93164594489383, 42.684406868430955 ], [ -87.92986544627145, 42.684404028922515 ], [ -87.929865130962781, 42.684404028262158 ] ], [ [ -87.934903979919085, 42.68555240337276 ], [ -87.934878774090535, 42.684436565058931 ], [ -87.932747990897852, 42.684413668722939 ], [ -87.932733398664396, 42.684847750727727 ] ], [ [ -87.934903979919085, 42.68555240337276 ], [ -87.93330858634755, 42.685522996506606 ] ], [ [ -88.012676788960036, 42.690764828968192 ], [ -88.007924520545671, 42.691190378050841 ], [ -88.006107768613376, 42.692686900124663 ], [ -87.998871802168878, 42.693370530448242 ], [ -87.9786871922323, 42.695101842145704 ], [ -87.976932069220084, 42.693792621109658 ], [ -87.972556088908561, 42.69419535245207 ], [ -87.972533635518033, 42.691536048821661 ], [ -87.972533576229225, 42.69153082142428 ], [ -87.972527001459682, 42.688508700668045 ], [ -87.972526709507193, 42.688373585163966 ], [ -87.969447848855239, 42.688366421475358 ], [ -87.963329727085664, 42.688351927697816 ], [ -87.959324452745804, 42.688340522842331 ], [ -87.958184816738708, 42.688337251011305 ], [ -87.957750532502814, 42.688336003687574 ], [ -87.955138191232408, 42.688328451072586 ], [ -87.954122817381915, 42.688325500151137 ], [ -87.951303592304939, 42.688317258832356 ], [ -87.946730998625497, 42.688296764811824 ], [ -87.946123339539767, 42.69046886424276 ], [ -87.943609928833297, 42.693669409565715 ], [ -87.943525888743523, 42.696371049812328 ], [ -87.941745633564594, 42.696543773968457 ], [ -87.934645716071557, 42.696414257470373 ] ], [ [ -87.93310645912041, 42.69638701599753 ], [ -87.934645716071557, 42.696414257470373 ] ], [ [ -87.934645716071557, 42.696414257470373 ], [ -87.934903979919085, 42.68555240337276 ] ], [ [ -87.934645716071557, 42.696414257470373 ], [ -87.934328273009712, 42.697477956965002 ], [ -87.932498759610482, 42.697469020997303 ], [ -87.932506491410138, 42.697050020047698 ] ] ] } },
{ "type": "Feature", "properties": { "ID": "400553", "STATUS": "IN SERVICE", "OWNER": "AMERICAN TRANSMISSION CO", "VOLTAGE": 138.0, "VOLT_CLASS": "100-161", "SUB_1": "ELKHART LAKE-SAUKVILLE", "SUB_2": "PLYMOUTH" }, "geometry": { "type": "LineString", "coordinates": [ [ -88.087985859638138, 43.674884398801538 ], [ -88.087983754885428, 43.673891155549505 ], [ -88.085330434268386, 43.673894039723884 ], [ -88.080244948375793, 43.673899397439726 ], [ -88.077948902120298, 43.673912865796922 ], [ -88.074819017160195, 43.673955400030366 ], [ -88.072077835918464, 43.67390994523825 ], [ -88.066057033135195, 43.674081234626115 ], [ -88.063482279172902, 43.674315763785415 ], [ -88.052434379193883, 43.674358914976906 ], [ -88.04330389815452, 43.674326802706986 ], [ -88.034760711393403, 43.674344421445468 ], [ -88.022543188744777, 43.674532627219406 ], [ -88.013437715904601, 43.674624062105039 ], [ -87.980886859139289, 43.689125784841615 ], [ -87.960983678804809, 43.689041218534825 ], [ -87.961018443606321, 43.690885675332588 ], [ -87.961178084113769, 43.692613483149636 ] ] } },
{ "type": "Feature", "properties": { "ID": "400554", "STATUS": "UNDER CONSTRUCTION", "OWNER": "AMERICAN TRANSMISSION CO", "VOLTAGE": 115.0, "VOLT_CLASS": "100-161", "SUB_1": "PINE", "SUB_2": "HILLTOP" }, "geometry": { "type": "LineString", "coordinates": [ [ -89.652643295265975, 45.174872826041145 ], [ -89.651715232271215, 45.174544554137789 ], [ -89.651714978946302, 45.174544516141751 ], [ -89.651743769951153, 45.173376342204079 ], [ -89.651975872162694, 45.173368737146461 ], [ -89.651945738176494, 45.172156520785435 ], [ -89.651854631040365, 45.16865831042373 ], [ -89.65182446201986, 45.166947779696166 ], [ -89.651784110595628, 45.165253406812226 ], [ -89.651463573735953, 45.165140194957353 ], [ -89.650043518731437, 45.163595109491546 ], [ -89.648463691167137, 45.162129865295334 ], [ -89.646892892569738, 45.160637581298083 ], [ -89.646861244023981, 45.160609234414764 ], [ -89.644840394859116, 45.158753849810019 ], [ -89.641169354890408, 45.155331788057076 ], [ -89.637395610535265, 45.151784956356202 ], [ -89.636056558416556, 45.150020339317656 ], [ -89.635305448261391, 45.148949773640915 ], [ -89.633416785292297, 45.146223906299284 ], [ -89.631368472832591, 45.142927425616811 ], [ -89.628990916143167, 45.139113593221786 ], [ -89.62637859194075, 45.134867693098222 ], [ -89.625192083638751, 45.132580254580958 ], [ -89.625176430494932, 45.131579636706824 ], [ -89.625183082519612, 45.130391110832576 ], [ -89.625634031402342, 45.127747076788125 ], [ -89.62600239546606, 45.125149447985329 ], [ -89.626316135672312, 45.122349638444575 ], [ -89.626238152024172, 45.121764696748571 ], [ -89.626109522258631, 45.120265369577993 ], [ -89.626107819951187, 45.12025178954292 ], [ -89.626043675748321, 45.119901150448406 ], [ -89.625834437457385, 45.118757349183674 ], [ -89.625673903126227, 45.117935657266948 ], [ -89.625368126484986, 45.116194370998457 ], [ -89.625040311474862, 45.114212498515563 ], [ -89.624697981486406, 45.11211954700444 ], [ -89.624507566493946, 45.110042396227094 ], [ -89.624554193548761, 45.108222938032455 ], [ -89.624613969244393, 45.105890194140478 ], [ -89.624626214180026, 45.105450391967693 ], [ -89.62465326874144, 45.104478636774111 ], [ -89.624688947129584, 45.103410880251317 ], [ -89.624746626157346, 45.10083162700581 ], [ -89.624822402644824, 45.096986716548656 ], [ -89.624938020313465, 45.093354913110623 ], [ -89.624956392657651, 45.091742878383819 ], [ -89.625105841778222, 45.090343136509112 ], [ -89.625273087422855, 45.09033984182723 ], [ -89.628383356770414, 45.090283168829984 ], [ -89.63390703816367, 45.090213178764543 ], [ -89.637479093669555, 45.090221233787709 ], [ -89.640862414930865, 45.090220831068279 ], [ -89.64090187971793, 45.090124102220322 ], [ -89.641601925140748, 45.088408274438081 ], [ -89.642001564051085, 45.086900037011468 ], [ -89.642460818756945, 45.085003517414364 ], [ -89.642757748789265, 45.083087962182454 ], [ -89.642916732628251, 45.081132876928464 ], [ -89.642942654414071, 45.079340820010671 ], [ -89.642899710451914, 45.076553314623936 ], [ -89.642888588410386, 45.075488360004002 ], [ -89.642936310511544, 45.073936366740185 ], [ -89.642942960739589, 45.070587853447023 ], [ -89.643037113164524, 45.068588427447963 ], [ -89.644801801437879, 45.068572133655501 ], [ -89.646816028222446, 45.06854376003696 ], [ -89.647750860022882, 45.068526845744884 ], [ -89.6492419214607, 45.068401384176113 ], [ -89.651907073788337, 45.068411365914933 ], [ -89.651908224530217, 45.068367481272468 ], [ -89.65193250689066, 45.065537748445905 ], [ -89.651934489472509, 45.064102323301384 ], [ -89.65569684498648, 45.057322484859711 ], [ -89.657924446803861, 45.053199657506198 ], [ -89.661529390530603, 45.046598842671465 ], [ -89.664731576396335, 45.040793332374001 ], [ -89.668437863561877, 45.034092768398402 ], [ -89.670920989365172, 45.029599581575944 ], [ -89.67168742298243, 45.028032449791603 ], [ -89.672138221846524, 45.027778274504044 ], [ -89.673147750359462, 45.027207738799959 ], [ -89.673577115420855, 45.026969204565468 ], [ -89.673882418649953, 45.026724119621385 ], [ -89.674799770133248, 45.025993394972296 ], [ -89.675593547569449, 45.025354906590159 ], [ -89.676038829879374, 45.025094321258628 ], [ -89.676468424011176, 45.024842915185069 ], [ -89.677186348603087, 45.024641772388129 ], [ -89.678289014444658, 45.024332834799765 ], [ -89.678450533329382, 45.024241414879484 ], [ -89.679748461472698, 45.02350126199957 ], [ -89.680569509964286, 45.023007432629058 ], [ -89.682191717348758, 45.022093579047997 ], [ -89.68222649562496, 45.020498633584957 ], [ -89.682320641761706, 45.017293805306224 ], [ -89.682326083755683, 45.017108563437787 ], [ -89.682292793089559, 45.015006685750294 ], [ -89.682270955045013, 45.013715661552162 ], [ -89.68221631681449, 45.01059584372868 ], [ -89.68215253014111, 45.007040476938705 ], [ -89.682058516955053, 45.002547203085214 ], [ -89.68202641565837, 45.00139665679572 ], [ -89.682019989110827, 45.000601579059271 ], [ -89.68220754386742, 45.000035063981443 ], [ -89.682527466279453, 44.999068712330029 ], [ -89.682768122249115, 44.998829256678825 ], [ -89.683265942528436, 44.998335788775677 ], [ -89.685612766055371, 44.996399174342443 ], [ -89.686784596783937, 44.995418930586837 ], [ -89.686964231992974, 44.992516334790572 ], [ -89.687106405658056, 44.9908411624981 ], [ -89.68722564713056, 44.989222090596677 ], [ -89.687698790689012, 44.988546939551377 ], [ -89.688175092724009, 44.987871173169047 ], [ -89.688207123952111, 44.987825727967653 ], [ -89.687587608901254, 44.986294787062569 ], [ -89.68685864760775, 44.984362148551988 ], [ -89.686767754270662, 44.982380008233889 ], [ -89.68675440530555, 44.981035909590702 ], [ -89.686696862821705, 44.979964850352623 ], [ -89.686670794610492, 44.979187405343076 ], [ -89.686614389393782, 44.977669543927284 ], [ -89.686553238377456, 44.975960577404798 ], [ -89.686508241764884, 44.974559355000473 ], [ -89.686477766418861, 44.973607670015667 ], [ -89.686533089165636, 44.973342386749501 ], [ -89.686608606938307, 44.972950626804426 ], [ -89.686570922612134, 44.970533726317051 ], [ -89.686557353559778, 44.969455811047517 ], [ -89.686536412033874, 44.968303700447763 ], [ -89.686436963142015, 44.966887875556608 ], [ -89.686437296416997, 44.966884545160212 ], [ -89.686436726885091, 44.966884515288342 ], [ -89.686436570578238, 44.966882293964666 ], [ -89.685533593037803, 44.966894132760856 ] ] } },
{ "type": "Feature", "properties": { "ID": "400555", "STATUS": "UNDER CONSTRUCTION", "OWNER": "AMERICAN TRANSMISSION CO", "VOLTAGE": 345.0, "VOLT_CLASS": "345", "SUB_1": "TREMVAL NORTH", "SUB_2": "COLUMBIA" }, "geometry": { "type": "MultiLineString", "coordinates": [ [ [ -89.417039121072378, 43.486239581957435 ], [ -89.415654961848318, 43.48625703943685 ], [ -89.415622662023949, 43.487852658474388 ], [ -89.415649468650344, 43.489052979481322 ], [ -89.41565471840488, 43.489288040874619 ], [ -89.414333233739868, 43.490741237028438 ], [ -89.413706746864079, 43.493048589853657 ], [ -89.409120412554046, 43.496627117054047 ], [ -89.408190277145962, 43.497352788305854 ], [ -89.404046218484581, 43.499124897549379 ], [ -89.400619934396488, 43.503115182098519 ], [ -89.38089376439379, 43.499436883394232 ], [ -89.376771111687361, 43.49748486325651 ], [ -89.376255344865285, 43.493602872380698 ], [ -89.351427369276266, 43.492724023949549 ], [ -89.345238321023416, 43.495454510011001 ], [ -89.330331723911129, 43.495243456545573 ], [ -89.321361538251068, 43.49450958729998 ], [ -89.318372819944599, 43.494238425734906 ], [ -89.317997924230454, 43.490137250800366 ], [ -89.315259256474903, 43.489206647503536 ], [ -89.305771878366414, 43.488644226791543 ], [ -89.292104518866665, 43.489239026812214 ], [ -89.288699662293041, 43.488253054024362 ], [ -89.285740971971592, 43.48735838990666 ], [ -89.284989708204535, 43.477569990198255 ], [ -89.281938388102546, 43.477546804947295 ], [ -89.275999822490263, 43.477608117948641 ], [ -89.253691638341181, 43.484629769499591 ], [ -89.247842635661058, 43.48670399481567 ], [ -89.22711822447701, 43.494059828158505 ], [ -89.191270238005245, 43.506949939866104 ], [ -89.081992668432179, 43.533730898322958 ], [ -89.079913493452565, 43.535470749474619 ], [ -89.049812002005552, 43.561276715489953 ], [ -89.047504298312603, 43.563238718292347 ], [ -89.036985680309101, 43.569229513150127 ], [ -89.036940467202541, 43.571608592957283 ], [ -89.036850029311296, 43.576366749182448 ], [ -89.037192829118666, 43.581626469457738 ], [ -89.038232026290487, 43.583935064177538 ], [ -89.037190003018779, 43.58642894001607 ], [ -89.036970625443246, 43.589066526510095 ], [ -89.036963963537104, 43.597693105067243 ], [ -89.037114741265967, 43.60502245176307 ], [ -89.037315594682028, 43.609927058994266 ], [ -89.037448785194272, 43.612394568927357 ], [ -89.037209530596428, 43.618053282408695 ], [ -89.036661359745452, 43.632744311871754 ], [ -89.036647851778511, 43.633106274071501 ], [ -89.03665588990367, 43.654932757838488 ], [ -89.03628333969074, 43.688851304421682 ], [ -89.036346587374936, 43.691188658353404 ], [ -89.03605908336489, 43.692844652599526 ], [ -89.035997771550115, 43.695094557420688 ], [ -89.035852918210551, 43.713764141082841 ], [ -89.03578582843187, 43.719781084837322 ], [ -89.035915754466359, 43.726910948176197 ], [ -89.036058046709044, 43.72914443147846 ], [ -89.03652120459482, 43.754972559632762 ], [ -89.037538261888145, 43.755323994298728 ], [ -89.038555327266295, 43.755675420412288 ], [ -89.071546913679668, 43.761195203701071 ], [ -89.125489801463374, 43.802829290910282 ], [ -89.127840679087186, 43.804879132422975 ], [ -89.129313803863738, 43.806219363388969 ], [ -89.12931393861102, 43.806219486566121 ], [ -89.130551366118254, 43.807345222330071 ], [ -89.155333579730097, 43.830162571471327 ], [ -89.157662827718497, 43.832135599630284 ], [ -89.168969260141353, 43.843215323825788 ], [ -89.173337711672474, 43.847408819946438 ], [ -89.175668179573037, 43.849417813015741 ], [ -89.180042952548817, 43.853616235477254 ], [ -89.186867944242408, 43.860382676624994 ], [ -89.198148677661621, 43.871047627731691 ] ], [ [ -89.198148677661621, 43.871047627731691 ], [ -89.198148805222374, 43.871075191385842 ], [ -89.198202643054003, 43.875007964735481 ], [ -89.198217913515506, 43.876537867163819 ], [ -89.172964052938468, 43.876507283979137 ], [ -89.168012723247045, 43.876499758298685 ], [ -89.16791356540935, 43.884239731762101 ], [ -89.167891104832293, 43.885853209082327 ], [ -89.167829697796108, 43.890934529251325 ], [ -89.167776577718399, 43.891731817175241 ], [ -89.167814643828578, 43.892406811258773 ], [ -89.167936646722254, 43.894821544978726 ], [ -89.168089005486024, 43.897404191704823 ], [ -89.16824918228771, 43.900879389225807 ], [ -89.168409740873372, 43.901421061945051 ], [ -89.168440322220604, 43.901516386119475 ], [ -89.168371846341444, 43.902130672948502 ], [ -89.167516718462906, 43.91708410652452 ], [ -89.167616600342726, 43.917290230287094 ], [ -89.167677345320556, 43.91767923932548 ], [ -89.16770791229473, 43.918446182738734 ], [ -89.167737923211746, 43.919029672035812 ], [ -89.167768910597459, 43.919487397654073 ], [ -89.167867700125882, 43.919716304761032 ], [ -89.167883576950217, 43.923939150299141 ], [ -89.167959864579089, 43.938404670972716 ], [ -89.168050819001607, 43.945228979603215 ], [ -89.168142712163586, 43.956062719667173 ], [ -89.168196285890517, 43.98253683104911 ], [ -89.16818858732853, 43.982864842926979 ], [ -89.169866587278662, 43.982853412978912 ], [ -89.173231107699408, 43.982834198018047 ], [ -89.174452325107353, 43.982830648740631 ], [ -89.177031253540761, 43.982815209284368 ], [ -89.177984394803289, 43.982811378829993 ], [ -89.179464397081659, 43.982803728909026 ], [ -89.189406016398394, 43.982857249894352 ], [ -89.189649938642447, 43.982857292555515 ], [ -89.189924306588082, 43.982853328949446 ], [ -89.192670831907435, 43.982834223226895 ], [ -89.198111004115248, 43.982902921838225 ], [ -89.200803806587331, 43.982880147276816 ], [ -89.202322671781502, 43.982880071003947 ], [ -89.210051162936736, 43.982811374305349 ], [ -89.21847399611103, 43.98274268593017 ], [ -89.227835236380571, 43.98266255973418 ], [ -89.229460276153148, 43.982647363920535 ], [ -89.238668695026561, 43.982571227076406 ], [ -89.238829133237999, 43.982639823863572 ], [ -89.241087256215451, 43.982662722622635 ], [ -89.243192688052488, 43.982681753419996 ], [ -89.243353420911333, 43.982727554128878 ], [ -89.246237212399365, 43.982574984504886 ], [ -89.250006319651021, 43.982418591119405 ], [ -89.250906471989907, 43.982475704412224 ], [ -89.251084652826506, 43.982478302232558 ] ], [ [ -89.251084652826506, 43.982478302232558 ], [ -89.235924603243319, 43.953121722342914 ], [ -89.227009270511132, 43.932449568637423 ], [ -89.202855673680602, 43.875497117682592 ], [ -89.198148677661621, 43.871047627731691 ] ], [ [ -89.251084652826506, 43.982478302232558 ], [ -89.268020040210743, 44.015255567359418 ], [ -89.268723604334525, 44.016824257063327 ], [ -89.268280708848295, 44.015391382266372 ], [ -89.271469111862643, 44.015237787380684 ], [ -89.281861714198101, 44.01518357592002 ], [ -89.292250717882524, 44.015242763733831 ], [ -89.292251990795279, 44.03298448167137 ], [ -89.292354416703986, 44.042203764912443 ], [ -89.292405476944737, 44.046798502152235 ], [ -89.292476631600081, 44.053200420644004 ], [ -89.29231126882425, 44.055830524925305 ], [ -89.293362161162761, 44.057790539976899 ], [ -89.294924114947833, 44.059655318340589 ], [ -89.29623217518926, 44.06121432756715 ], [ -89.297100365470328, 44.062895189182001 ], [ -89.299611168367548, 44.062994379232357 ], [ -89.302437738070267, 44.062885425864536 ], [ -89.309230561093543, 44.063183040105969 ], [ -89.342652355188051, 44.082053818088859 ], [ -89.370229398328703, 44.094707701643223 ], [ -89.385125480660605, 44.102016258287101 ], [ -89.445984037879299, 44.131328056743392 ], [ -89.47908813289213, 44.1489869380691 ], [ -89.481609181075143, 44.150354645000853 ], [ -89.484217681149403, 44.151721432064008 ], [ -89.492377925088078, 44.156070561355236 ], [ -89.530214254287799, 44.174691688962049 ], [ -89.540772824863552, 44.179883705912275 ], [ -89.552909314981989, 44.185659013425941 ], [ -89.562499042642358, 44.19126654195675 ], [ -89.565535467778602, 44.192750212645976 ], [ -89.597454862798116, 44.209527355951117 ], [ -89.668211795334102, 44.246700852439169 ], [ -89.724342538975421, 44.276173503632926 ], [ -89.747923885613773, 44.288550988178088 ], [ -89.781484160399245, 44.305122143820064 ], [ -89.784692421571236, 44.306611024617872 ], [ -89.787128445110937, 44.307842023865916 ], [ -89.799716880343752, 44.314018463712081 ], [ -89.801456752657387, 44.314334033088691 ], [ -89.802493776804539, 44.315404062491474 ], [ -89.804405208472829, 44.316313841611553 ], [ -89.826149150910481, 44.316124775114375 ], [ -89.85894565378689, 44.315245816183513 ], [ -89.881778838540853, 44.322624471551244 ], [ -89.882752868328708, 44.332467698604724 ], [ -89.882940744682159, 44.334163985948294 ], [ -89.883277489844502, 44.337767257298651 ], [ -89.88316430122039, 44.339137914389418 ], [ -89.882822907276449, 44.339138256193571 ], [ -89.882555360238754, 44.339138524111469 ], [ -89.882203698551109, 44.340419439794175 ], [ -89.882123453843406, 44.341516477373588 ], [ -89.883857837450662, 44.341550031918494 ], [ -89.884816547369638, 44.340422404173587 ], [ -89.888175001467275, 44.340369753329412 ], [ -89.896011829445754, 44.340287102009526 ], [ -89.916078778944737, 44.336686207968938 ], [ -89.918824361931343, 44.336346157386117 ], [ -89.921855348666881, 44.335802238251937 ], [ -89.922012556536544, 44.340040042966727 ], [ -89.92044251162568, 44.354388498713007 ], [ -89.920310134987091, 44.361342331541856 ], [ -89.920521320825557, 44.379024765789922 ], [ -89.93551444546263, 44.400070959537068 ], [ -89.941190822487869, 44.405976510436062 ], [ -89.954492882077318, 44.416354200050669 ], [ -89.959374856438927, 44.420343623180429 ], [ -89.959066524090701, 44.423387857060803 ], [ -89.961256502667354, 44.423388626297388 ], [ -89.963465461747631, 44.423389358964705 ], [ -89.963473865487117, 44.431078705106252 ], [ -89.956679885433743, 44.430972076802533 ], [ -89.946502143944571, 44.431072318523967 ], [ -89.946698464461704, 44.439904598902913 ], [ -89.946450078489022, 44.442569869548592 ], [ -89.946597377042792, 44.450701660902361 ], [ -89.94650342404384, 44.453034413690737 ], [ -89.946296099164485, 44.461209590911515 ], [ -89.94655113267028, 44.463534015686569 ], [ -89.94617035478764, 44.465712138727078 ], [ -89.946105847665407, 44.467900723001165 ], [ -89.945973902218157, 44.470037123020084 ], [ -89.94593392269644, 44.472231371443414 ], [ -89.945910413785455, 44.472831006631317 ], [ -89.945768126932649, 44.476460126008348 ], [ -89.945990148250075, 44.478723016049209 ], [ -89.945915952797492, 44.481038260703947 ], [ -89.945882613622373, 44.482078522716584 ], [ -89.945861765521244, 44.483693069968417 ], [ -89.945542594999125, 44.4852177184382 ], [ -89.945490940073654, 44.495315924572289 ], [ -89.945519350192811, 44.497784577518992 ], [ -89.945866787103697, 44.500338937013368 ], [ -89.945993653476322, 44.503080473305602 ], [ -89.945731180123346, 44.505583493885375 ], [ -89.945764429466948, 44.51085010966122 ], [ -89.946060811526962, 44.513583911872082 ], [ -89.946059613174356, 44.516040075712716 ], [ -89.946054643694211, 44.524873873469566 ], [ -89.946137286903721, 44.5396664708434 ], [ -89.94602463367552, 44.549572303096696 ], [ -89.946025034324137, 44.555059199201736 ], [ -89.944084477477716, 44.555250089244296 ], [ -89.944114038338768, 44.556230732150247 ], [ -89.944112848071001, 44.557468700374692 ] ], [ [ -89.944920460460892, 44.557474991837836 ], [ -89.944947550056597, 44.555604969933093 ], [ -89.947428577395399, 44.555526993946089 ], [ -89.964438348878417, 44.555352046883222 ], [ -89.964458520548121, 44.553151483161876 ], [ -89.964483314049957, 44.55044695358356 ], [ -89.96440772531038, 44.540066958551051 ], [ -89.964258128866121, 44.532383028719138 ], [ -89.964212572603131, 44.529852055704595 ], [ -89.964135422591568, 44.525169549443532 ], [ -89.964143660142739, 44.522749097053548 ], [ -89.964142105158984, 44.520329007178816 ], [ -89.964143334054285, 44.513066506674043 ], [ -89.964255512073706, 44.51086624200294 ], [ -89.964459108046327, 44.496429370515365 ], [ -89.964372911101549, 44.492737503936524 ], [ -89.969557428169395, 44.490030616932771 ], [ -89.971592059287303, 44.488898481594383 ], [ -89.97409757739571, 44.489278669795652 ], [ -89.979215914678235, 44.489959292780775 ], [ -89.984069735838844, 44.488878700604793 ], [ -89.983791265287294, 44.481730021690311 ], [ -89.994136307218341, 44.481767709321794 ], [ -89.997378478894021, 44.481544152642321 ], [ -90.012548557269014, 44.481580177831447 ], [ -90.023929619929049, 44.481507998604648 ], [ -90.044516017546115, 44.481989278928395 ], [ -90.063655510413156, 44.482049436446495 ], [ -90.067271215058682, 44.482237729762964 ], [ -90.080278138551435, 44.482062850921736 ], [ -90.090898303012992, 44.482115166063785 ], [ -90.10445115606008, 44.482230188069259 ], [ -90.114501287371581, 44.482414970500059 ], [ -90.121391437465988, 44.482514904756137 ], [ -90.124633050389562, 44.482259234512263 ], [ -90.139951260056606, 44.482223521870083 ], [ -90.140238691303111, 44.482222832241149 ], [ -90.161508622409769, 44.482328332558076 ], [ -90.175690483005326, 44.482309734398115 ], [ -90.178640474041586, 44.482521499780354 ], [ -90.180811262807126, 44.482599710045264 ], [ -90.181168386251684, 44.46071275724394 ], [ -90.181211310450919, 44.453288876920219 ], [ -90.19189841736744, 44.453227503464248 ], [ -90.195459308610964, 44.453179093855802 ], [ -90.199020030971226, 44.453124826492029 ], [ -90.225628656997912, 44.453138964520932 ], [ -90.228346148767272, 44.453172055626041 ], [ -90.234816836827974, 44.453171483641604 ], [ -90.249447810149846, 44.45326980909703 ], [ -90.257039580413775, 44.453386873865234 ], [ -90.264628070030284, 44.453493113717741 ], [ -90.271881528470018, 44.453461602156388 ], [ -90.289811970711312, 44.45330444230234 ], [ -90.30088988699724, 44.453223661809936 ], [ -90.304513043168058, 44.453204480466354 ], [ -90.315633779448632, 44.453145333942921 ], [ -90.319014997753868, 44.453127350407463 ], [ -90.325943785286981, 44.453091346128062 ], [ -90.32610929987807, 44.457949108321266 ], [ -90.32634073643797, 44.467103033846357 ], [ -90.347995050366507, 44.4669603024658 ], [ -90.350495538807635, 44.46644154365724 ], [ -90.353223584883253, 44.467035112113471 ], [ -90.365695470894465, 44.467076373030622 ], [ -90.376964153414136, 44.466806354894956 ], [ -90.395738358048973, 44.466229525664083 ], [ -90.414029422672883, 44.466076678851849 ], [ -90.43597856996584, 44.465889368757693 ], [ -90.456477059347534, 44.465809395509581 ], [ -90.466726073171344, 44.466028951124208 ], [ -90.476683605245029, 44.466137298337138 ], [ -90.494874616410897, 44.465870677527455 ], [ -90.49851311850172, 44.46583147304527 ], [ -90.516711294630298, 44.4656209081366 ], [ -90.526847594140463, 44.46591106480966 ], [ -90.537348734521814, 44.466062009921892 ], [ -90.544464223411993, 44.46597567850494 ], [ -90.555951794823685, 44.465783139919026 ], [ -90.558972841700594, 44.465636109291466 ], [ -90.573603075708974, 44.465521879673702 ], [ -90.588311278992435, 44.465429372348716 ], [ -90.591987636089328, 44.465373131511086 ], [ -90.595664145001507, 44.465322362448511 ], [ -90.599341008748226, 44.465287342732502 ], [ -90.612628406933922, 44.465219807396991 ], [ -90.619524948541581, 44.465108131776496 ], [ -90.623311895436473, 44.465127657330946 ], [ -90.634672770257097, 44.465185476808692 ], [ -90.660356527698198, 44.465449363877852 ], [ -90.663492761950721, 44.465450980099412 ], [ -90.664643729306817, 44.465439054294016 ], [ -90.666988005211607, 44.465414728900299 ], [ -90.673654314001837, 44.465331447543157 ], [ -90.676478318116139, 44.464911720593776 ], [ -90.680103916806218, 44.465134051730637 ], [ -90.683523765363603, 44.465386246577935 ], [ -90.687098364000065, 44.465530789075217 ], [ -90.690851725581425, 44.465888214780357 ], [ -90.694643479361389, 44.465920974905998 ], [ -90.709374213290502, 44.465839091867103 ], [ -90.716913431211992, 44.466067848388526 ], [ -90.761175712371283, 44.466152380113769 ], [ -90.761004729735049, 44.458916398208117 ], [ -90.801801447072123, 44.458678714117376 ], [ -90.817961441042456, 44.458584564789923 ], [ -90.820593035006027, 44.45758456873935 ], [ -90.824492593806625, 44.453979976786911 ], [ -90.826403038226402, 44.452246942327506 ], [ -90.831811733466637, 44.452991800733408 ], [ -90.834631171444343, 44.454006903281439 ], [ -90.837528709851156, 44.454397814410115 ], [ -90.849870375180473, 44.453418337374302 ], [ -90.853606039950733, 44.452916601811488 ], [ -90.857330685087391, 44.452407657533421 ], [ -90.867257887342149, 44.449385093144869 ], [ -90.870368741492953, 44.448129352574398 ], [ -90.877787243806566, 44.447504850535772 ], [ -90.878672378110522, 44.446216546567022 ], [ -90.895834565849484, 44.442619578354893 ], [ -90.90917353811227, 44.439821803246936 ], [ -90.912631684545204, 44.43927439997325 ], [ -90.922130659903999, 44.437543870037508 ], [ -90.922115096591696, 44.437139756127181 ], [ -90.922078715721, 44.436195118585061 ], [ -90.92437108427373, 44.435042151071919 ], [ -90.926273304617098, 44.433840371471923 ], [ -90.948342294355484, 44.418539150814489 ], [ -90.955763683854428, 44.413397420893645 ], [ -90.963028386506551, 44.408332188799527 ], [ -90.975013972233668, 44.400005360906505 ], [ -90.982919337176753, 44.396069958687441 ], [ -90.984728200104215, 44.393793225594194 ], [ -90.987943818478399, 44.393540849381658 ], [ -90.989619002210119, 44.392720839988506 ], [ -90.990787414849038, 44.392148891979559 ], [ -90.997023614772814, 44.389029073145416 ], [ -90.997715212438692, 44.388887489442162 ], [ -90.998968755722132, 44.388630864215294 ], [ -91.000509163415146, 44.388315483429011 ], [ -91.003632676624946, 44.389253982251091 ], [ -91.006845652155562, 44.38973730684959 ], [ -91.023132903265662, 44.389727564853892 ], [ -91.035860040174981, 44.389718320997773 ], [ -91.035883310134096, 44.377764473928984 ], [ -91.035884070108821, 44.377374614252922 ], [ -91.035641793578378, 44.370005131335553 ], [ -91.035634916974885, 44.369795952305992 ], [ -91.044759146638199, 44.365204575131379 ], [ -91.04777357742303, 44.363592817249533 ], [ -91.050542407910868, 44.362111969905222 ], [ -91.053301391066569, 44.36063187638559 ], [ -91.061599876744296, 44.356157838159625 ], [ -91.064459184649266, 44.354615973350107 ], [ -91.067224448825428, 44.353126566091767 ], [ -91.072666803939356, 44.35019482251991 ], [ -91.100369675000167, 44.335328571639089 ], [ -91.101525333358666, 44.335454299993131 ], [ -91.107265368598206, 44.332361504841892 ], [ -91.116758942387207, 44.327157947772527 ], [ -91.118339663775217, 44.326291360874144 ], [ -91.11875400361518, 44.326064208165342 ], [ -91.121975230171685, 44.326199750717208 ], [ -91.121977702335357, 44.326199854823393 ], [ -91.121980174499001, 44.326199958929564 ], [ -91.12513251913785, 44.326420031276577 ], [ -91.127652248594032, 44.32645277125399 ], [ -91.132751675441526, 44.326423635778902 ], [ -91.133402501271604, 44.325387633321263 ], [ -91.135688826857432, 44.321748062448187 ], [ -91.135767608209534, 44.316264906653096 ], [ -91.145919179977838, 44.310798777882312 ], [ -91.145992406148224, 44.309261013011238 ], [ -91.146226669706323, 44.304340877238729 ], [ -91.145772455447528, 44.301804181395525 ], [ -91.145735081938454, 44.300902143618131 ], [ -91.14572861676335, 44.300746096176297 ], [ -91.145685562308415, 44.299706940056879 ], [ -91.145661195506321, 44.299102759718991 ], [ -91.145482300509073, 44.294666732839296 ], [ -91.14535440287051, 44.287257557092239 ], [ -91.166141293679203, 44.287046098914246 ], [ -91.175726159657259, 44.286948594928724 ], [ -91.184496886086606, 44.286192440801742 ], [ -91.191262859364343, 44.286708518687838 ], [ -91.196306327457833, 44.287092941925536 ], [ -91.22857719282382, 44.287344731152714 ], [ -91.232764982371535, 44.287377406119496 ], [ -91.236585189389814, 44.287354897871673 ], [ -91.240454688764373, 44.291517946148531 ], [ -91.242389687734132, 44.293599463156049 ], [ -91.248904630398997, 44.293454020420597 ], [ -91.251179408141823, 44.293403148363495 ], [ -91.252260988727059, 44.293393670047827 ], [ -91.252719559814992, 44.294450673176669 ], [ -91.253272748655149, 44.295725743536245 ], [ -91.251827067410545, 44.298155283893948 ], [ -91.251819287101867, 44.301644304668976 ], [ -91.252120605404357, 44.301640966733572 ], [ -91.253674676472826, 44.301623749232746 ], [ -91.257755184717723, 44.301811160695394 ] ] ] } },
{ "type": "Feature", "properties": { "ID": "400556", "STATUS": "UNDER CONSTRUCTION", "OWNER": "NORTHERN STATES POWER CO - WISCONSIN", "VOLTAGE": 34.5, "VOLT_CLASS": "UNDER 100", "SUB_1": "CHAIN O LAKES", "SUB_2": "BOOT LAKE" }, "geometry": { "type": "LineString", "coordinates": [ [ -89.890080000299818, 46.142645000208795 ], [ -89.88996912753251, 46.142750235580579 ], [ -89.889817330215791, 46.143204771253686 ], [ -89.888263987681, 46.150967763256773 ], [ -89.88825680475199, 46.150970645830967 ], [ -89.888137565076121, 46.151007419797772 ], [ -89.887572224725105, 46.151234008674948 ], [ -89.886311191288826, 46.151739415891207 ], [ -89.885104746675736, 46.152222921487031 ], [ -89.884241765724994, 46.152568764175179 ], [ -89.883201717848607, 46.15298555254379 ], [ -89.882249718344795, 46.153367042084291 ], [ -89.88156015895629, 46.153643357571241 ], [ -89.880808188215113, 46.153944674415776 ], [ -89.880097009970967, 46.154229637324939 ], [ -89.880144498510163, 46.154294908291881 ], [ -89.880227561232914, 46.15440907598159 ], [ -89.880059945482358, 46.154473682143021 ], [ -89.880018682268087, 46.154463533413818 ], [ -89.879901049678267, 46.154314600954919 ], [ -89.879894464128924, 46.154306263030257 ], [ -89.87919925433728, 46.154582440012078 ], [ -89.879007041815939, 46.154658797025299 ], [ -89.878322836386516, 46.155073390994936 ], [ -89.876935603127549, 46.155913953839047 ], [ -89.876341922725956, 46.15666435625792 ], [ -89.87608048333388, 46.156994801480657 ], [ -89.875489230180165, 46.157742098490338 ], [ -89.874869484262291, 46.158525382104258 ], [ -89.874311798455821, 46.159230208356476 ], [ -89.87393938478678, 46.159700865282119 ], [ -89.873616826717722, 46.160108508466749 ], [ -89.873456855630238, 46.16031067602097 ], [ -89.873082029984687, 46.160784357582969 ], [ -89.872603324057991, 46.161389308756561 ], [ -89.872124366602989, 46.161994557530882 ], [ -89.871684610728693, 46.162886003787882 ], [ -89.871365688141594, 46.163532475760526 ], [ -89.87130940060419, 46.164196017401949 ], [ -89.871245656151643, 46.164947436093911 ], [ -89.871194974101627, 46.165544830866786 ], [ -89.871123377475172, 46.166388726462323 ], [ -89.871051923680824, 46.167230933084277 ], [ -89.870985744793856, 46.168010901935418 ], [ -89.870929906414105, 46.168669006379268 ], [ -89.870857912732305, 46.16951745017824 ], [ -89.870798783823659, 46.170214284716913 ], [ -89.87074538077664, 46.170843591642921 ], [ -89.870743074801311, 46.170857846894172 ], [ -89.869716091124104, 46.171538643281771 ], [ -89.868806902631775, 46.174580830583977 ], [ -89.868864262757626, 46.175114394195553 ], [ -89.869390979144683, 46.175777735793687 ], [ -89.870996500322761, 46.176612324374211 ], [ -89.871195007339296, 46.176715512402588 ], [ -89.871708662222119, 46.177188881035683 ], [ -89.872429771341714, 46.177513449327307 ], [ -89.873087134212113, 46.177952227843633 ], [ -89.873689933412166, 46.17836213798131 ], [ -89.873718583381532, 46.178494498552347 ], [ -89.873812714246895, 46.179017930372808 ], [ -89.875685052132326, 46.18017741730727 ], [ -89.876470271318794, 46.180663866267089 ], [ -89.876470304556477, 46.180663874974847 ], [ -89.877604812081628, 46.180952647818479 ], [ -89.878443926591871, 46.181465121962844 ], [ -89.880167757689506, 46.182515176294615 ], [ -89.882188982350115, 46.18374635968636 ], [ -89.883027475226214, 46.184256561339524 ], [ -89.88416630634282, 46.185643370730581 ], [ -89.885435317717125, 46.186444185059642 ], [ -89.886318466744299, 46.186978386068702 ], [ -89.886320570598713, 46.186979658496803 ], [ -89.886824293707761, 46.187737024125397 ], [ -89.886884887768616, 46.18788981952612 ], [ -89.886983724009426, 46.188139046557318 ], [ -89.88744723313647, 46.18930782175407 ], [ -89.88747578339283, 46.190129873197492 ], [ -89.887418008245319, 46.197289984133597 ], [ -89.887417788158089, 46.197353301946762 ], [ -89.887415403131001, 46.198040299664072 ], [ -89.88741272255821, 46.198813004442236 ], [ -89.887410021324143, 46.199590811769738 ], [ -89.887399382576234, 46.199598003753046 ], [ -89.887399373593084, 46.199599121068907 ], [ -89.887072835987297, 46.199884492256764 ], [ -89.887071945756858, 46.202444075637715 ], [ -89.887058048819398, 46.205855859992987 ], [ -89.887056891789328, 46.206708825973628 ], [ -89.887071853230381, 46.207528538240702 ], [ -89.887103400266525, 46.208364099518668 ], [ -89.887130110773185, 46.209206153122516 ], [ -89.887220803785965, 46.211762933184303 ], [ -89.887252515213802, 46.212639511048316 ], [ -89.887273750488816, 46.213377877208337 ], [ -89.887329261881789, 46.21504994784933 ], [ -89.88735087983909, 46.215880610384133 ], [ -89.887380110120134, 46.21671327860367 ], [ -89.887435864956544, 46.218383913212406 ], [ -89.887483956265299, 46.219188373168272 ], [ -89.887540299498227, 46.220051330889596 ], [ -89.887641864820878, 46.221797957447926 ], [ -89.887650874923182, 46.222620446397308 ], [ -89.887577277748576, 46.223440108262899 ], [ -89.887733819068316, 46.224232127139793 ], [ -89.887734730858313, 46.224236742313359 ], [ -89.887737385379992, 46.224250172056038 ], [ -89.886791156653544, 46.22628885391169 ], [ -89.886584610613539, 46.226592832226082 ], [ -89.886349586182391, 46.226938720614115 ], [ -89.886017200544103, 46.227297132847312 ], [ -89.885697850358909, 46.227611202281658 ], [ -89.885532190240738, 46.227755673742351 ], [ -89.885210192720422, 46.228036485774204 ], [ -89.884822227417189, 46.228279013647729 ], [ -89.884793633143374, 46.228300091737403 ], [ -89.884755337064504, 46.228320828647213 ], [ -89.883873766377278, 46.228798188044131 ], [ -89.883046491662455, 46.229134653419194 ], [ -89.882878005444397, 46.229203179416892 ], [ -89.882769595857596, 46.229233626481189 ], [ -89.882251416160685, 46.229379158181693 ], [ -89.881750826375352, 46.229519749138753 ], [ -89.856619330713059, 46.233576774542691 ], [ -89.855606483823465, 46.233590238040527 ], [ -89.854586220442911, 46.233439597920849 ], [ -89.853658489824795, 46.233120669027883 ], [ -89.853619771537723, 46.233099610809646 ], [ -89.853619132835576, 46.23309939208103 ], [ -89.853593453594868, 46.233085297132277 ], [ -89.852853480752614, 46.232682840481658 ], [ -89.850780779032945, 46.231131338563493 ], [ -89.850012956620247, 46.230720825231181 ], [ -89.849768806204125, 46.230637500865278 ], [ -89.848831237237036, 46.230341919818507 ], [ -89.84660398216937, 46.230045117327172 ], [ -89.841477615744822, 46.229429229279916 ], [ -89.840380190674608, 46.229299683409394 ], [ -89.839809241242961, 46.229321865389828 ], [ -89.839177447120477, 46.229354943525244 ], [ -89.83812468987945, 46.229406962206959 ], [ -89.837178455763151, 46.229557402109741 ], [ -89.836215135690111, 46.2297037513706 ], [ -89.835107355739609, 46.229757743992103 ], [ -89.826909469695607, 46.230155819942979 ], [ -89.826536150524788, 46.229703509635684 ], [ -89.805888392583924, 46.231026101987744 ], [ -89.805788646349711, 46.231032491341495 ], [ -89.804648353674153, 46.231254207421237 ], [ -89.804373075735114, 46.231388135194472 ], [ -89.803493380730202, 46.231816121731022 ], [ -89.799219787699812, 46.234042252232079 ], [ -89.799264370189064, 46.234395299746183 ], [ -89.798335808629318, 46.234897352290091 ], [ -89.798069082651793, 46.23504501641434 ], [ -89.796798840585538, 46.235748218138561 ], [ -89.796661616637664, 46.235803226325608 ], [ -89.796567627706111, 46.235854081929276 ], [ -89.796241205084712, 46.235971753758975 ], [ -89.795517701954878, 46.236232567776632 ], [ -89.794393421749234, 46.236470581986751 ], [ -89.793234263554382, 46.236570099170002 ], [ -89.790680337930269, 46.236787145829432 ], [ -89.790543488579885, 46.236798628309209 ], [ -89.789468099183594, 46.236881312655719 ], [ -89.788143643789951, 46.237093007700629 ], [ -89.786767130127274, 46.237597646423097 ], [ -89.785380709843622, 46.23810589292578 ], [ -89.78389302786789, 46.238651230337155 ], [ -89.783155382560551, 46.238921613651364 ], [ -89.78294766691404, 46.23899673331853 ], [ -89.78073806553833, 46.23962322235419 ], [ -89.779737778893036, 46.23952935784331 ], [ -89.779554539643073, 46.239512162939057 ], [ -89.774022229033207, 46.240973161336441 ], [ -89.772990000991371, 46.241245616413856 ], [ -89.771877526445209, 46.241419163962597 ], [ -89.764989941939248, 46.242439471936031 ], [ -89.755727330399679, 46.242283790157721 ], [ -89.750683537116032, 46.245856994448999 ], [ -89.750595165349978, 46.245894264707673 ], [ -89.750112381071887, 46.24618036076486 ], [ -89.748842695062791, 46.246539443767674 ], [ -89.747394990812154, 46.246691094084362 ], [ -89.746357756459247, 46.246605367422191 ], [ -89.745301400567186, 46.246518048397775 ], [ -89.745007531095013, 46.246493754951537 ], [ -89.744251816175733, 46.24643916314951 ], [ -89.74411717578262, 46.247184279154844 ], [ -89.744123982317547, 46.247191946358136 ], [ -89.744734937322036, 46.247783895696926 ], [ -89.744924392913802, 46.24809360373122 ], [ -89.744957913548618, 46.248131363853673 ], [ -89.744971293056466, 46.248170271960042 ], [ -89.745137149007363, 46.248441398548486 ], [ -89.745122625944163, 46.248610354316902 ], [ -89.745123244883402, 46.248612153969461 ], [ -89.745096394239567, 46.24909640061523 ], [ -89.745078164727502, 46.24912760383296 ], [ -89.744880014342129, 46.249466774769708 ], [ -89.744793387104323, 46.249615051947124 ], [ -89.744765563585048, 46.249627448013847 ], [ -89.744569918600988, 46.249714613621776 ], [ -89.744558368063068, 46.249719759642176 ], [ -89.744542179523322, 46.249738349667865 ], [ -89.744721620696296, 46.249801679078217 ], [ -89.744641666144418, 46.249983077581049 ], [ -89.74437974795029, 46.250577301414687 ], [ -89.744047998319232, 46.251329934034892 ], [ -89.743716238806712, 46.252082565023592 ], [ -89.743370500610041, 46.252866884948716 ], [ -89.743034680712441, 46.253628679254263 ], [ -89.741995303877573, 46.253647377899597 ], [ -89.74091368466479, 46.253666827515197 ], [ -89.739832061858735, 46.253686264700775 ], [ -89.738683879280032, 46.253706888285116 ], [ -89.737716902165474, 46.25372424707335 ], [ -89.736696297425098, 46.253742558706946 ], [ -89.735688526016858, 46.253760633053467 ], [ -89.734168609793798, 46.253787875004456 ], [ -89.732909173562092, 46.253810433444045 ], [ -89.731650753324971, 46.253832958953225 ] ] } },
{ "type": "Feature", "properties": { "ID": "400557", "STATUS": "UNDER REVIEW", "OWNER": "AMERICAN TRANSMISSION CO", "VOLTAGE": 345.0, "VOLT_CLASS": "345", "SUB_1": "ELM ROAD", "SUB_2": "RACINE" }, "geometry": { "type": "LineString", "coordinates": [ [ -87.867862093122653, 42.705982084028108 ], [ -87.869802793699535, 42.70626629138706 ], [ -87.871064439786835, 42.70611783388587 ], [ -87.871072954019098, 42.706115578255911 ], [ -87.873147807203864, 42.705640854453939 ], [ -87.875624917888047, 42.705618569949074 ], [ -87.875596776365143, 42.711767941534504 ], [ -87.878601087628311, 42.712131830157276 ], [ -87.878056402240603, 42.71492154631126 ], [ -87.877712491217238, 42.717165662601772 ], [ -87.87762741626824, 42.717704877655869 ], [ -87.877874908417255, 42.737431914245846 ], [ -87.877919456770499, 42.740339049169336 ], [ -87.878042996681614, 42.748119499524925 ], [ -87.878336378368601, 42.765617210424267 ], [ -87.878783543547343, 42.783827264997861 ], [ -87.878800589978184, 42.784527106503951 ], [ -87.880349565802362, 42.79661886869431 ], [ -87.881100401073027, 42.802487854049652 ], [ -87.883420269751554, 42.821124145976412 ], [ -87.883546134502652, 42.822175494702378 ], [ -87.884051900380641, 42.824798211740095 ], [ -87.884197508305036, 42.827194112210144 ], [ -87.884489549705592, 42.829429435921533 ], [ -87.88489492076576, 42.831705025310356 ], [ -87.884719688199922, 42.831702649739135 ], [ -87.8837108244403, 42.831685800045754 ], [ -87.880087955730389, 42.831626699925692 ], [ -87.878059143898867, 42.833638285087396 ], [ -87.876547378090365, 42.835307253968153 ], [ -87.873888751124937, 42.835288708331156 ], [ -87.871353795224678, 42.835483886175034 ], [ -87.870539260417232, 42.835546600417587 ], [ -87.867862870165382, 42.835540449743583 ], [ -87.865173165982711, 42.835526643826718 ], [ -87.8623217659472, 42.835647197478998 ], [ -87.859110302281195, 42.835904453045757 ], [ -87.856046310543832, 42.83577942968941 ], [ -87.855954741673642, 42.835775693318944 ], [ -87.85576059058792, 42.835767771317038 ], [ -87.856248025444245, 42.835273038110074 ], [ -87.855493763100768, 42.835232856635834 ], [ -87.852746136446882, 42.835110910902451 ], [ -87.849444520553931, 42.834851673807897 ], [ -87.846081756339558, 42.834571473470803 ], [ -87.842987666548595, 42.834446946752962 ], [ -87.839600210342013, 42.834355749484821 ], [ -87.838211895511449, 42.834285779160965 ], [ -87.837114686935209, 42.83425370171723 ], [ -87.83611521596022, 42.834223997096224 ], [ -87.835543635012925, 42.834207009751445 ], [ -87.83554320921148, 42.834207382607502 ], [ -87.835505401816107, 42.836576246363457 ], [ -87.834604112210073, 42.838145925708581 ], [ -87.834477361720118, 42.839431783146935 ], [ -87.834454807718288, 42.839660586967526 ], [ -87.834392198736239, 42.840295724785861 ], [ -87.833937656592369, 42.840733966383489 ], [ -87.834760771209119, 42.842402441955429 ] ] } },
{ "type": "Feature", "properties": { "ID": "400558", "STATUS": "UNDER CONSTRUCTION", "OWNER": "AMERICAN TRANSMISSION CO", "VOLTAGE": 138.0, "VOLT_CLASS": "100-161", "SUB_1": "MILL ROAD", "SUB_2": "TAMARACK" }, "geometry": { "type": "LineString", "coordinates": [ [ -88.153198489055214, 43.129988804267235 ], [ -88.155408561148136, 43.130877991878499 ], [ -88.155410228421303, 43.131246641974897 ], [ -88.153743391835192, 43.131864864937384 ], [ -88.152063353607687, 43.131812282597579 ], [ -88.150401289770699, 43.131760238440158 ], [ -88.150406456880205, 43.131640297489952 ], [ -88.150472709429053, 43.130102451482202 ], [ -88.150442542205184, 43.130102267916087 ], [ -88.150368778842235, 43.130101818178993 ], [ -88.150336222998035, 43.130101619534209 ], [ -88.150310497044927, 43.130101462847435 ], [ -88.14888536566076, 43.13009276836749 ], [ -88.146447895833447, 43.13007718163081 ], [ -88.144003756015152, 43.130061971856627 ], [ -88.141569402443565, 43.130045377464207 ], [ -88.139135026414095, 43.129998665720144 ], [ -88.137241553864968, 43.129478229010353 ], [ -88.135349029038451, 43.128956046583681 ], [ -88.13307736665304, 43.128967919600832 ], [ -88.133101744234878, 43.128141286579606 ], [ -88.133104023260785, 43.128069733439546 ], [ -88.133104517334175, 43.128054219616317 ], [ -88.133105382411799, 43.128054220271899 ], [ -88.133105400378113, 43.128023330292855 ], [ -88.132963042558401, 43.127735248165195 ] ] } },
{ "type": "Feature", "properties": { "ID": "400559", "STATUS": "UNDER CONSTRUCTION", "OWNER": "AMERICAN TRANSMISSION CO", "VOLTAGE": 138.0, "VOLT_CLASS": "100-161", "SUB_1": "TAMARACK", "SUB_2": "BUTLER" }, "geometry": { "type": "LineString", "coordinates": [ [ -88.132963042558401, 43.127735248165195 ], [ -88.132474597995696, 43.12778445429835 ], [ -88.129844227537532, 43.127801378424429 ], [ -88.126315032450506, 43.127803046316664 ], [ -88.124894338743815, 43.127764331405409 ], [ -88.123203754294877, 43.126890969967803 ], [ -88.12174532954964, 43.126809984803344 ], [ -88.120235408880745, 43.126759250270311 ], [ -88.120284157756274, 43.127666376033879 ], [ -88.118993480813927, 43.127806133621775 ], [ -88.115408427584185, 43.127656529939877 ], [ -88.111945882999663, 43.127116138359682 ], [ -88.109056919012247, 43.126662036773972 ], [ -88.105430078850446, 43.126091809550914 ], [ -88.103057890493147, 43.125699686617189 ], [ -88.103050479392039, 43.124763671923425 ], [ -88.102048369166738, 43.12353513233753 ], [ -88.100515623204785, 43.123444892613115 ], [ -88.098219597610537, 43.123485120908704 ], [ -88.0968874202987, 43.123604650358594 ], [ -88.095365350813893, 43.123822291405538 ], [ -88.093780034543201, 43.123584862445853 ], [ -88.092586134004733, 43.123396939243797 ], [ -88.090393068816795, 43.123027344881002 ], [ -88.089471291334078, 43.122723564065595 ], [ -88.089401248793052, 43.121365831666829 ], [ -88.089362729931977, 43.120335695441348 ], [ -88.08935037989346, 43.119469226965997 ], [ -88.085367901202261, 43.119393394366746 ], [ -88.083492002395033, 43.119389743383721 ], [ -88.081832826641673, 43.119424399518245 ], [ -88.078762426323053, 43.119442276733288 ], [ -88.075153552466929, 43.119409368070627 ], [ -88.072723515300297, 43.119250455726913 ], [ -88.069559304814874, 43.119238743439645 ], [ -88.065593852791551, 43.119226955087804 ], [ -88.065570794834855, 43.119226886238231 ], [ -88.060462033593254, 43.119282184198219 ], [ -88.060319969522624, 43.119283721836574 ], [ -88.060411367712902, 43.117685795075431 ], [ -88.060443740300798, 43.116128576443032 ], [ -88.060483175443451, 43.114431426748673 ], [ -88.060527445318968, 43.112698977893523 ], [ -88.060562282883993, 43.110939457814567 ], [ -88.060587349473693, 43.109337656327533 ], [ -88.060610038222819, 43.107900657648408 ], [ -88.060680359241573, 43.105243946150537 ], [ -88.060699752970251, 43.104561793770237 ], [ -88.060716442769902, 43.104532531598437 ], [ -88.061653437713517, 43.103009128836163 ], [ -88.061672504455444, 43.099205705771688 ], [ -88.060994935779348, 43.099188761273275 ] ] } },
{ "type": "Feature", "properties": { "ID": "400560", "STATUS": "UNDER CONSTRUCTION", "OWNER": "AMERICAN TRANSMISSION CO", "VOLTAGE": 345.0, "VOLT_CLASS": "345", "SUB_1": "MILL ROAD", "SUB_2": "GRANVILLE" }, "geometry": { "type": "LineString", "coordinates": [ [ -88.153198489055214, 43.129988804267235 ], [ -88.153199478100333, 43.12875360702472 ], [ -88.151395824503211, 43.128723323836425 ], [ -88.151320755888179, 43.128722063757564 ], [ -88.151278835107121, 43.128721359634405 ], [ -88.150752628963161, 43.128712524658084 ], [ -88.150756520464967, 43.128434750019082 ], [ -88.150760977007081, 43.128116630228931 ], [ -88.150694512455857, 43.128114697476875 ], [ -88.14850538278715, 43.128051049060524 ], [ -88.144787250436295, 43.128051822031068 ], [ -88.141019203196663, 43.128052482235702 ], [ -88.137317928630424, 43.128053007383578 ], [ -88.137220220673584, 43.128053021151487 ], [ -88.133517494429867, 43.128054631342721 ], [ -88.133105382411799, 43.128054220271899 ], [ -88.133104517334175, 43.128054219616317 ], [ -88.133047543483912, 43.128054248463393 ], [ -88.132826776214642, 43.128054359917975 ], [ -88.129790668183674, 43.128055889468492 ], [ -88.126232488055663, 43.128056497223852 ], [ -88.122607132809037, 43.128059632376115 ], [ -88.120364121291288, 43.128060619077075 ], [ -88.118988139431252, 43.128061224865561 ], [ -88.118026515377466, 43.128021653227997 ], [ -88.115390695738796, 43.1279131867649 ], [ -88.112585274174478, 43.12747543180916 ], [ -88.111850165709498, 43.127360726127293 ], [ -88.108167532083726, 43.126781082063005 ], [ -88.106869060459658, 43.126573565965622 ], [ -88.104650763392002, 43.126219045486827 ], [ -88.101433431930573, 43.125720071134211 ], [ -88.100896300476109, 43.125635730814771 ], [ -88.100521687731259, 43.125576706028141 ], [ -88.081080475913126, 43.122512332920238 ], [ -88.077312222959293, 43.12266372343452 ], [ -88.06292007034898, 43.120447231543487 ], [ -88.060303103653183, 43.120761215762023 ], [ -88.037864823687997, 43.124577772408074 ], [ -88.03546266753284, 43.124808618065799 ], [ -88.032046147233544, 43.126828263071815 ], [ -88.024958065942684, 43.126924704630547 ], [ -88.022509295309106, 43.127181388784308 ], [ -88.013835465657891, 43.128657429281915 ], [ -88.011270224854457, 43.129106373496541 ], [ -88.009984934210564, 43.130401939564408 ], [ -88.008884400969478, 43.130562300638999 ], [ -88.008193645923328, 43.130290506837937 ] ] } },
{ "type": "Feature", "properties": { "ID": "400561", "STATUS": "UNDER CONSTRUCTION", "OWNER": "NORTHERN STATES POWER CO - WISCONSIN", "VOLTAGE": 88.0, "VOLT_CLASS": "UNDER 100", "SUB_1": "GINGLES", "SUB_2": "IRONWOOD" }, "geometry": { "type": "MultiLineString", "coordinates": [ [ [ -90.848422122059205, 46.544972229170526 ], [ -90.848422094211415, 46.544972229170526 ], [ -90.847726939217011, 46.544873114556296 ], [ -90.847714607144795, 46.544872927348081 ], [ -90.848048736413034, 46.543100722379783 ], [ -90.8483808094376, 46.541339312164531 ], [ -90.848611607295325, 46.540115025195774 ], [ -90.848887873381187, 46.538649454279799 ], [ -90.849124871411021, 46.537392144829759 ], [ -90.849405225729711, 46.535904731864257 ], [ -90.849685634845656, 46.534416933330228 ], [ -90.849755007243473, 46.533416657781309 ], [ -90.849631132260754, 46.532425037924895 ], [ -90.849298472636292, 46.53143357732916 ], [ -90.84882435440575, 46.530553951480421 ], [ -90.847875708312884, 46.529053314513945 ], [ -90.846925728221834, 46.52755047725249 ], [ -90.84597590084438, 46.526047798045738 ], [ -90.84502570156441, 46.524544445592127 ], [ -90.844076174224256, 46.523042056561003 ], [ -90.843127131076031, 46.521540356592681 ], [ -90.842433487047941, 46.520345570317843 ], [ -90.841421238436325, 46.51932704775944 ], [ -90.839507841254203, 46.514974789302251 ], [ -90.839682020096205, 46.512677855416449 ], [ -90.839867132333566, 46.511189208592249 ], [ -90.839425595100039, 46.509701971405619 ], [ -90.838992413995314, 46.508242814108833 ], [ -90.838525075350205, 46.506668536637605 ], [ -90.838060074121501, 46.505102010972401 ], [ -90.837593884421651, 46.503531427272087 ], [ -90.837126899712771, 46.501958054634869 ], [ -90.836660842065271, 46.500387715253794 ], [ -90.836193769321497, 46.49881387072049 ], [ -90.835767367802219, 46.497377021430758 ], [ -90.835274821531939, 46.495717158297971 ], [ -90.834781769510144, 46.494055499916072 ], [ -90.834319074256754, 46.492496076056511 ], [ -90.83385644997027, 46.490936815903702 ], [ -90.833393739445526, 46.489377139959451 ], [ -90.832931164566389, 46.487817849146637 ], [ -90.832456350141499, 46.486217230787723 ], [ -90.832005996841801, 46.484698958375382 ], [ -90.831543512692491, 46.483139717166345 ], [ -90.831080854270027, 46.48157981084271 ], [ -90.830617999116512, 46.480019158934695 ], [ -90.830143970717501, 46.478420739133874 ], [ -90.829670113896697, 46.476822785215084 ], [ -90.829210627425496, 46.475273244983704 ], [ -90.828750479794266, 46.473721359220185 ], [ -90.828277009249035, 46.472124476194203 ], [ -90.827802138230282, 46.470522763184782 ], [ -90.827328619176029, 46.468925517166696 ], [ -90.826919183239198, 46.467544360784018 ], [ -90.826509440078553, 46.466162100165981 ], [ -90.826099192064703, 46.464778070682982 ], [ -90.825624419860631, 46.46317626709746 ], [ -90.825150127356935, 46.461576033296453 ], [ -90.824676731371866, 46.459978694304056 ], [ -90.824203150333872, 46.458380635778028 ], [ -90.82372883627059, 46.456780038237611 ], [ -90.823255150129697, 46.455181452006649 ], [ -90.822781432547785, 46.453582697545798 ], [ -90.822325609406306, 46.45204419358388 ], [ -90.821896701587377, 46.450596534175105 ], [ -90.821472169462197, 46.449163521815912 ], [ -90.821048049663744, 46.447731831595611 ], [ -90.820625227032536, 46.446304444580143 ], [ -90.820213958532548, 46.444916010079183 ], [ -90.819822644309951, 46.443594859644776 ], [ -90.819628313561154, 46.442107607403479 ], [ -90.819242086498008, 46.440885525594382 ], [ -90.818618501180609, 46.439783290647654 ], [ -90.818246511516392, 46.438518024452129 ], [ -90.817875450710204, 46.437255876240869 ], [ -90.817504171613365, 46.435992925554856 ], [ -90.81713322938478, 46.434731048836284 ], [ -90.81676213893418, 46.433468647605181 ], [ -90.816321695848686, 46.431977427061682 ], [ -90.815937913101436, 46.430789860819118 ], [ -90.815554602868019, 46.429603702673823 ], [ -90.815380623452, 46.42846038652462 ], [ -90.815505428191045, 46.427556471916645 ], [ -90.815233112895825, 46.426640855048149 ], [ -90.81498307581964, 46.425800140195641 ], [ -90.814741290667655, 46.42498712397947 ], [ -90.814488820055374, 46.424189155715936 ], [ -90.814239439647665, 46.423400902638285 ], [ -90.814002635653935, 46.422652389576228 ], [ -90.813782039064563, 46.421955100855236 ], [ -90.813520154108076, 46.421153136122271 ], [ -90.813286141179958, 46.420452681748522 ], [ -90.813036034933489, 46.41968594452193 ], [ -90.812768827458967, 46.418863989447651 ], [ -90.812412724500547, 46.418127234485638 ], [ -90.811726051399049, 46.417470235130992 ], [ -90.810689703683337, 46.417052983155983 ], [ -90.809688928354532, 46.416650064940349 ], [ -90.8086796693362, 46.416243709666418 ], [ -90.807669576681278, 46.415837002070184 ], [ -90.806686736217131, 46.415458321881879 ], [ -90.805735032259051, 46.415110295620188 ], [ -90.804654059833268, 46.414714984509629 ], [ -90.803601263066355, 46.414331505369752 ], [ -90.802586334780258, 46.413911792283841 ], [ -90.801772029941503, 46.413372786742066 ], [ -90.80105874514804, 46.412759127418958 ], [ -90.800386052527301, 46.412089872555569 ], [ -90.7996555506231, 46.411411766169756 ], [ -90.799355803474043, 46.410687795367814 ], [ -90.798745323678318, 46.410097388374602 ], [ -90.798136827362725, 46.409508883324236 ], [ -90.797489918187296, 46.408883175414253 ], [ -90.796835005920983, 46.408249739479793 ], [ -90.796977571251517, 46.40760947773132 ], [ -90.796641937305168, 46.406808108490772 ], [ -90.79650047061422, 46.406164348028575 ], [ -90.795452371137941, 46.404623001025165 ], [ -90.794357966203719, 46.403561772856385 ], [ -90.793531131663386, 46.402356139014167 ], [ -90.792000659337418, 46.400952456183617 ], [ -90.79045513034896, 46.399534853602852 ], [ -90.789202779129909, 46.398386085830865 ], [ -90.78775962035462, 46.397062214602123 ], [ -90.786862159368326, 46.396374674807419 ], [ -90.785131174986105, 46.395736926572766 ], [ -90.783148739579445, 46.395256480958622 ], [ -90.781214588619306, 46.394787692998719 ], [ -90.779247714728328, 46.394310965683182 ], [ -90.77695099114311, 46.393754190582762 ], [ -90.77531121181336, 46.393356670811364 ], [ -90.773159379296928, 46.392834926170444 ], [ -90.771441855270936, 46.392418472100466 ], [ -90.769313050168506, 46.391902260702622 ], [ -90.767117122948051, 46.391369692725831 ], [ -90.765008453582709, 46.390867428507498 ], [ -90.762962293486439, 46.390600344550194 ], [ -90.761132623780369, 46.390655405497839 ], [ -90.75904271123818, 46.390718281419808 ], [ -90.757120660584917, 46.390776045565509 ], [ -90.757142718716707, 46.392568845647794 ], [ -90.754481080598438, 46.392554224173978 ], [ -90.752483908329566, 46.392543199360837 ], [ -90.75088410402995, 46.392966611553007 ], [ -90.748627542324456, 46.39295236317038 ], [ -90.746725355218757, 46.392943875600984 ], [ -90.744115819386977, 46.392932178626559 ], [ -90.741789266344441, 46.392921706551668 ], [ -90.739903828327215, 46.392439299340388 ], [ -90.738027713924311, 46.391959237958858 ], [ -90.736179756315678, 46.391486369540821 ], [ -90.734366358692668, 46.39125709693409 ], [ -90.732524152098492, 46.391024151008928 ], [ -90.730681764044618, 46.390791145227531 ], [ -90.728840423426362, 46.390558238827069 ], [ -90.725158727641741, 46.390092467656295 ], [ -90.723425632218607, 46.389589555960363 ], [ -90.721744081228167, 46.389101581137446 ], [ -90.71956853767982, 46.388825817540685 ], [ -90.718016450989808, 46.388832449980981 ], [ -90.715982253758156, 46.388841114162553 ], [ -90.713941682979566, 46.388849779582017 ], [ -90.711901873972351, 46.388858396669534 ], [ -90.709864308058371, 46.38886699392782 ], [ -90.707807254092643, 46.38887560295754 ], [ -90.705451816620453, 46.388885427684187 ], [ -90.705432934033169, 46.387226246943634 ], [ -90.705416217284053, 46.385757874319737 ], [ -90.704492247013732, 46.385501647216863 ], [ -90.703276059273065, 46.384811049955651 ], [ -90.701733267451289, 46.384191477996879 ], [ -90.699958924983562, 46.383478838761178 ], [ -90.698002336802574, 46.382692961238597 ], [ -90.696245901351716, 46.38198745564241 ], [ -90.694444867241955, 46.381515651627836 ], [ -90.692756571700372, 46.381306728634726 ], [ -90.6909877817194, 46.381280281970298 ], [ -90.688939668685691, 46.381249613218301 ], [ -90.686897713603258, 46.381219005180569 ], [ -90.684858291769913, 46.381188410759286 ], [ -90.682979939663639, 46.381160196005936 ], [ -90.680870245320591, 46.380528080448087 ], [ -90.67881630761056, 46.379912611412372 ], [ -90.676765710735097, 46.379298104697838 ], [ -90.674714237103899, 46.378683298551088 ], [ -90.672456049447732, 46.378006471308836 ], [ -90.670214448284966, 46.377334547220407 ], [ -90.66786333260761, 46.37662972849197 ], [ -90.66690395344375, 46.373960320711689 ], [ -90.666520310833661, 46.3714320575939 ], [ -90.668231150495643, 46.369216313993668 ], [ -90.670071662867187, 46.366827455821458 ], [ -90.671092059198429, 46.364917752673371 ], [ -90.671044136772963, 46.364079815093646 ], [ -90.670453946326248, 46.362347336517573 ], [ -90.669841278234486, 46.360548777812724 ], [ -90.669240829027203, 46.35878596218803 ], [ -90.671119394034221, 46.358818057692069 ], [ -90.67360827624185, 46.358860572271603 ], [ -90.673580128430757, 46.357404296411907 ], [ -90.673560130135883, 46.355779424473752 ], [ -90.673540180350059, 46.354158612446362 ], [ -90.673520212597921, 46.352536263024191 ], [ -90.67350142343544, 46.351009786916578 ], [ -90.673481472751291, 46.349389412574816 ], [ -90.67346481708762, 46.348036132370147 ], [ -90.673459942828885, 46.345773348215687 ], [ -90.673456469043671, 46.344161318753265 ], [ -90.673453049157388, 46.342574060682914 ], [ -90.673450136819241, 46.341222952244436 ], [ -90.673447271193496, 46.339895078874797 ], [ -90.672938337855797, 46.338869523293837 ], [ -90.670759982580606, 46.33886766644644 ], [ -90.668273559061902, 46.338865493302322 ], [ -90.665536911617409, 46.338863036111285 ], [ -90.663264593461818, 46.338860956615626 ], [ -90.660911259844028, 46.338858763625154 ], [ -90.659091591082003, 46.338857002906799 ], [ -90.657306913496953, 46.338855273197879 ], [ -90.655337738122199, 46.338853350609895 ], [ -90.652834824229799, 46.338850830159004 ], [ -90.649748325202978, 46.338894906403688 ], [ -90.64772299703813, 46.338923765660525 ], [ -90.645822155608727, 46.338950848061934 ], [ -90.643925987215425, 46.338977803311309 ], [ -90.643128811452527, 46.337442316534307 ], [ -90.643428145376561, 46.336290671759528 ], [ -90.643848242519155, 46.334674285870491 ], [ -90.644226034401797, 46.3332205784507 ], [ -90.644600228531701, 46.331780647661894 ], [ -90.644971750173667, 46.330350920506746 ], [ -90.645337775024387, 46.328942258658657 ], [ -90.645401299389704, 46.327694507398945 ], [ -90.645498824090197, 46.32577865072178 ], [ -90.645572269449517, 46.324354548376974 ], [ -90.645570051509083, 46.324354596764593 ], [ -90.645669556096479, 46.324233150525657 ], [ -90.645740089117638, 46.324145137519842 ], [ -90.645765659662203, 46.324113229474612 ], [ -90.645847605779039, 46.323486630108384 ], [ -90.645918289717173, 46.322986125624929 ], [ -90.646514997441272, 46.322951806766262 ], [ -90.6465203181627, 46.322591835878463 ], [ -90.646732203788773, 46.322588196143492 ] ], [ [ -90.645572269449517, 46.324354548376974 ], [ -90.645740089117638, 46.324145137519842 ], [ -90.645527552212968, 46.324149793915396 ], [ -90.645360176312622, 46.324326942611989 ], [ -90.643591661216135, 46.324397943990967 ], [ -90.645572269449517, 46.324354548376974 ], [ -90.645740089117638, 46.324145137519842 ], [ -90.645527552212968, 46.324149793915396 ], [ -90.645360176312622, 46.324326942611989 ], [ -90.643591661216135, 46.324397943990967 ], [ -90.641292467263881, 46.324387546863306 ], [ -90.639012982348959, 46.324346622732229 ], [ -90.636733137209617, 46.324305642738643 ], [ -90.634455056361489, 46.324264629215165 ], [ -90.632211556160229, 46.32422466902473 ], [ -90.6299203221797, 46.324249814512264 ], [ -90.627649292208218, 46.324275993499661 ], [ -90.625447306749493, 46.324301311422161 ], [ -90.623416268892697, 46.325012965937013 ], [ -90.621331001538834, 46.325743565015649 ], [ -90.619244872700619, 46.326474408672254 ], [ -90.617158651335913, 46.327205240703655 ], [ -90.615006315762955, 46.327959152275064 ], [ -90.61252112742774, 46.327945474366508 ], [ -90.610097846490348, 46.327932076215909 ], [ -90.607757402798541, 46.327913172777748 ], [ -90.605463073223575, 46.327894583832233 ], [ -90.603143648312795, 46.327875752957844 ], [ -90.60082506602177, 46.32785689168157 ], [ -90.598491448627826, 46.327832703136643 ], [ -90.596217674303162, 46.327814634607961 ], [ -90.593909877185439, 46.32779627142363 ], [ -90.591601939032202, 46.32777783193437 ], [ -90.589256530351832, 46.327750708641474 ], [ -90.586807472257362, 46.327722336639212 ], [ -90.584772342574439, 46.327698711281911 ], [ -90.582681318816256, 46.327748319185723 ], [ -90.580579799142271, 46.327798159042416 ], [ -90.578476053443012, 46.32784799699273 ], [ -90.576366346523514, 46.32789796950577 ], [ -90.57393181328888, 46.32787388209023 ], [ -90.571498402050025, 46.327849792803157 ], [ -90.569066508065688, 46.327825629688014 ], [ -90.566838644838569, 46.327803482586006 ], [ -90.564568077499473, 46.327780847286895 ], [ -90.56225988961458, 46.328062004455141 ], [ -90.559923461392117, 46.328346570636313 ], [ -90.557586903812251, 46.328631086332955 ], [ -90.555250562726386, 46.328915532936698 ], [ -90.552915907778285, 46.329199720637064 ], [ -90.550639839156389, 46.329514880709873 ], [ -90.548885108707935, 46.329757802811912 ], [ -90.548357989875626, 46.32983077587361 ], [ -90.546075006920987, 46.330146794511222 ], [ -90.543809696522928, 46.330460321499537 ], [ -90.54149076568558, 46.330985470759074 ], [ -90.539189429251365, 46.331506591885883 ], [ -90.537215853030048, 46.33230222641015 ], [ -90.53523188869076, 46.333101963510927 ], [ -90.53343635855876, 46.333932151042738 ], [ -90.531632412110824, 46.334766162132205 ], [ -90.529829348706841, 46.335599723863062 ], [ -90.528024958491201, 46.33643385961355 ], [ -90.526221114451218, 46.337267649588874 ], [ -90.52442936173496, 46.338095830801997 ], [ -90.522696171090416, 46.339089903466423 ], [ -90.52095104003908, 46.340090768207773 ], [ -90.519205525407159, 46.341091762227478 ], [ -90.517484633597149, 46.3420786164167 ], [ -90.516024252321216, 46.343401449605281 ], [ -90.514469371870675, 46.344809828945834 ], [ -90.512959741357605, 46.346177117861167 ], [ -90.511521997626843, 46.34747920902651 ], [ -90.510029454867109, 46.348724509152163 ], [ -90.508465672112095, 46.350029163744097 ], [ -90.505851639314002, 46.350150398929465 ], [ -90.503283033421539, 46.350269467355758 ], [ -90.50117013119457, 46.349644127504384 ], [ -90.499006033979583, 46.349003556430397 ], [ -90.497496651401548, 46.348357419435629 ], [ -90.495831988738431, 46.347925017893097 ], [ -90.494217958717996, 46.347676431359382 ], [ -90.492572285541655, 46.347635586662406 ], [ -90.490949812255892, 46.347772279144671 ], [ -90.489367305915394, 46.348094091112685 ], [ -90.487827898047286, 46.348507740096686 ], [ -90.486420365557848, 46.348934145241977 ], [ -90.484863971446046, 46.349593177172629 ], [ -90.482728437962137, 46.35018220683672 ], [ -90.480667999144401, 46.350750468244549 ], [ -90.478824382195242, 46.351466755729909 ], [ -90.477229758479879, 46.352599068139227 ], [ -90.475567984798715, 46.353806794981047 ], [ -90.473412495240794, 46.354554264342454 ], [ -90.471252981230393, 46.355155826638239 ], [ -90.469108393626726, 46.35575320848595 ], [ -90.4669716537054, 46.356348335095191 ], [ -90.464789015262951, 46.356956203962206 ], [ -90.46271399049995, 46.357534021953107 ], [ -90.460639635880156, 46.358111624903714 ], [ -90.458564845577456, 46.358689291184739 ], [ -90.456490377769924, 46.359266844105989 ], [ -90.454333239803432, 46.359867316105998 ], [ -90.452341223864281, 46.360421804545396 ], [ -90.45032665661823, 46.360982502242805 ], [ -90.448191843583174, 46.361576635802592 ], [ -90.446116898770242, 46.362154045377352 ], [ -90.444041192185949, 46.362731618087579 ], [ -90.441854098997993, 46.36333214499642 ], [ -90.439667380407528, 46.363932529545004 ], [ -90.437480244998753, 46.364532971345021 ], [ -90.435293218286134, 46.365133319140888 ], [ -90.433106560781098, 46.365733524584471 ], [ -90.430919350812161, 46.366333811456187 ], [ -90.428732139046602, 46.366934057018632 ], [ -90.426545224623382, 46.367534157755692 ], [ -90.424365047564805, 46.368132339019816 ], [ -90.422274385827663, 46.36879309568539 ], [ -90.42016924414645, 46.369458398340576 ], [ -90.418044196696869, 46.37012990487721 ], [ -90.416000910311169, 46.370775542101178 ], [ -90.413859731814028, 46.371452066001574 ], [ -90.411476372906179, 46.371448634059057 ], [ -90.409228570672994, 46.37144534467491 ], [ -90.408181212306843, 46.370989092095165 ], [ -90.407053260686638, 46.371435755440274 ], [ -90.404932130790002, 46.371437971296793 ], [ -90.402753777311446, 46.371406558810563 ], [ -90.400758933475771, 46.371376400203545 ], [ -90.398767025334436, 46.371346216787039 ], [ -90.396869298364123, 46.371317432290667 ], [ -90.395018967406514, 46.372246187652706 ], [ -90.393095216242429, 46.373211754501689 ], [ -90.391170040350275, 46.374177943281957 ], [ -90.38923938114165, 46.375138020691864 ], [ -90.387573854299234, 46.375634288936602 ], [ -90.385880353918878, 46.376239541022137 ], [ -90.384158576370012, 46.37673263414284 ], [ -90.382385109759667, 46.377146746223168 ], [ -90.380604101792542, 46.377562577449616 ], [ -90.378823793613023, 46.37797820595128 ], [ -90.377043893268635, 46.378393706101683 ], [ -90.375177023428321, 46.378829483338365 ], [ -90.373331525406954, 46.379447188171305 ], [ -90.371678682776349, 46.380190848102387 ], [ -90.370176692434796, 46.381091139856871 ], [ -90.368302843583024, 46.382041772962815 ], [ -90.36648293856409, 46.383016581544389 ], [ -90.36465894710895, 46.383993513706336 ], [ -90.362835942902265, 46.384969865109689 ], [ -90.361012305383341, 46.385946473558697 ], [ -90.35918816840109, 46.386923289467084 ], [ -90.357363370258795, 46.387900389037661 ], [ -90.355540295983545, 46.388876511943117 ], [ -90.353717030367122, 46.389852656428111 ], [ -90.351892270852389, 46.390829558575369 ], [ -90.34996176435736, 46.391866528448013 ], [ -90.348030303851516, 46.392903934626815 ], [ -90.346098964618193, 46.39394117486912 ], [ -90.344228205072724, 46.394945197890571 ], [ -90.344224892085947, 46.394947031767884 ], [ -90.34386287192477, 46.395147441353565 ], [ -90.343230400472578, 46.395497566393928 ], [ -90.343230263030335, 46.395497448680004 ], [ -90.342720358613818, 46.395889679312724 ], [ -90.342105036898701, 46.39622022588906 ] ], [ [ -90.344228205072724, 46.394945197890571 ], [ -90.343501051189577, 46.39590352422595 ], [ -90.342092087683895, 46.396673520021366 ], [ -90.340864155369189, 46.395663305468929 ], [ -90.340186958595638, 46.395059143511681 ], [ -90.337991701518376, 46.395088623020897 ], [ -90.335864709216182, 46.395117155220419 ], [ -90.333902883857107, 46.395143410555455 ], [ -90.331942668278998, 46.395169642954464 ], [ -90.329773996842576, 46.395198597025356 ], [ -90.327656462003688, 46.395226840457099 ], [ -90.32585195860031, 46.395250355471063 ], [ -90.323969176003075, 46.396117260939732 ], [ -90.321933146208238, 46.397054666878198 ], [ -90.320008617103099, 46.397940663906368 ], [ -90.318036052384798, 46.398845773888802 ], [ -90.316063204697159, 46.399750926470901 ], [ -90.314090137820585, 46.400656147668343 ], [ -90.312117195809861, 46.401561229332387 ], [ -90.310144520598769, 46.402466118194937 ], [ -90.308171315381657, 46.403371179744902 ], [ -90.30619785324636, 46.404276310525276 ], [ -90.304225107068362, 46.405181041618022 ], [ -90.302248635576859, 46.406087404761834 ], [ -90.30020259854976, 46.406929078926112 ], [ -90.298106166933565, 46.407703191811308 ], [ -90.296099841730239, 46.408396497319536 ], [ -90.29477703744007, 46.409573621079716 ], [ -90.292760454374516, 46.410465483474709 ], [ -90.290893204546848, 46.411291255336629 ], [ -90.289026150551905, 46.412116890824493 ], [ -90.287159540324708, 46.412942259880637 ], [ -90.28529225546275, 46.413767856130228 ], [ -90.283420480820993, 46.414595400061188 ], [ -90.281495332776643, 46.415365927894207 ], [ -90.279575889034319, 46.416134145332613 ], [ -90.277657069621142, 46.416902016286144 ], [ -90.275737945679069, 46.417669984803517 ], [ -90.273818314188873, 46.418438100423124 ], [ -90.271899337570517, 46.419205898060831 ], [ -90.269979576722903, 46.419973947456945 ], [ -90.268141398174464, 46.420709293418959 ], [ -90.267243603913215, 46.422052842627828 ], [ -90.266290647703627, 46.42347884444743 ], [ -90.265327854043363, 46.424919497935846 ], [ -90.264249530749339, 46.426339957267579 ], [ -90.263184803457165, 46.427742407868919 ], [ -90.262119977350281, 46.429144927645886 ], [ -90.261055206040652, 46.430547273884223 ], [ -90.259990532647379, 46.431949421210085 ], [ -90.258925605929193, 46.433351798684214 ], [ -90.257773116827011, 46.434789565024097 ], [ -90.255673391088649, 46.434940705859248 ], [ -90.253500855998197, 46.43509705412086 ], [ -90.251392667231542, 46.435248735192609 ], [ -90.249241985457004, 46.4351291202493 ], [ -90.246831026710353, 46.434896705860318 ], [ -90.24477777531321, 46.434698760835197 ], [ -90.242498154752695, 46.434478913046462 ], [ -90.240217707742104, 46.434258944883283 ], [ -90.237937978485419, 46.434039003692099 ], [ -90.235658030938126, 46.433819011465211 ], [ -90.233348703989464, 46.433648216856128 ], [ -90.231006879587099, 46.433846926584991 ], [ -90.229406680028774, 46.434396985069931 ], [ -90.228063357319201, 46.435043257645766 ], [ -90.226884498171856, 46.435967584461139 ], [ -90.225731984815141, 46.43694120318402 ], [ -90.224359866609149, 46.437945934193841 ], [ -90.222978594570421, 46.438957312025295 ], [ -90.221603352023862, 46.439964212125908 ], [ -90.22022509383288, 46.440973270749318 ], [ -90.218848443626285, 46.441981090598681 ], [ -90.21749546672234, 46.442971528642182 ], [ -90.215386795560391, 46.443489395454677 ], [ -90.213329525100676, 46.443994597019071 ], [ -90.2113351223378, 46.444484314185985 ], [ -90.209338363293938, 46.445034483177345 ], [ -90.207382942024495, 46.445665812519927 ], [ -90.207312490750027, 46.445885300735341 ], [ -90.207375366531721, 46.445896991926304 ], [ -90.20732965486016, 46.446561470578722 ], [ -90.207280316689804, 46.44727861268526 ], [ -90.208150167955836, 46.448344193626845 ], [ -90.208947204479884, 46.449320506382669 ], [ -90.209637238178843, 46.450165705851454 ], [ -90.210590221337895, 46.451332958612845 ], [ -90.211333570048993, 46.452614420220243 ], [ -90.210155813134492, 46.451174220272456 ], [ -90.20924437615902, 46.450076313063995 ], [ -90.208496813450935, 46.449169873350627 ], [ -90.207751750754284, 46.448266454490152 ], [ -90.206885394833023, 46.44721587994033 ], [ -90.204828869076692, 46.447239038923279 ], [ -90.202650883009085, 46.447263523087429 ], [ -90.200692208939998, 46.447285519645696 ], [ -90.198340184167563, 46.44707376975353 ], [ -90.19825946425108, 46.447062053437747 ], [ -90.195556228745289, 46.446813683538196 ], [ -90.1942875605274, 46.446697092869393 ], [ -90.192810519994538, 46.446561325121479 ], [ -90.191343236962297, 46.446426436589292 ], [ -90.189452943550961, 46.446252652254607 ], [ -90.188017057536186, 46.446212120199306 ], [ -90.185812522658679, 46.446607999539687 ], [ -90.183749211927008, 46.446959910503537 ], [ -90.180651116548162, 46.447488249901994 ], [ -90.17834951331433, 46.447880712019071 ], [ -90.176655570064526, 46.448145905038977 ], [ -90.176242715139736, 46.448210538740618 ], [ -90.174412796600322, 46.448496971729696 ], [ -90.172667007083902, 46.448492421246428 ], [ -90.171015899998423, 46.448488020547479 ], [ -90.169277501820162, 46.448483320278797 ], [ -90.169222524026466, 46.449460120736617 ], [ -90.167654552427265, 46.449380759107527 ], [ -90.166934705440639, 46.448472490595698 ] ] ] } },
{ "type": "Feature", "properties": { "ID": "400562", "STATUS": "UNDER CONSTRUCTION", "OWNER": "NORTHERN STATES POWER CO - WISCONSIN", "VOLTAGE": 115.0, "VOLT_CLASS": "100-161", "SUB_1": "GINGLES", "SUB_2": "IRONWOOD" }, "geometry": { "type": "MultiLineString", "coordinates": [ [ [ -90.848455118077894, 46.544895336105753 ], [ -90.848442866854057, 46.544895376265899 ], [ -90.848410414316078, 46.544875632908408 ], [ -90.84805019707369, 46.544665059096964 ], [ -90.848340170552447, 46.543127191884921 ], [ -90.848672182491583, 46.541366245945028 ], [ -90.848903276793365, 46.540140509983729 ], [ -90.849179382080777, 46.538675922865508 ], [ -90.849416306448745, 46.537419078096583 ], [ -90.849696827854103, 46.535930898992042 ], [ -90.849978944667399, 46.534434162890683 ], [ -90.850053601854015, 46.533413084006966 ], [ -90.849926507309306, 46.532393807144324 ], [ -90.849585119653582, 46.531375519113922 ], [ -90.849097311996431, 46.530479152217062 ], [ -90.848148084693563, 46.528976366148441 ], [ -90.847198910391342, 46.527473573111514 ], [ -90.846249785496411, 46.525970771872899 ], [ -90.845300713602114, 46.524467964907515 ], [ -90.844351693810097, 46.522965176324107 ], [ -90.843402724323738, 46.521462354205873 ], [ -90.842778145469637, 46.520269092994035 ], [ -90.842202326270822, 46.518915203273792 ], [ -90.84032765815553, 46.514319328091254 ], [ -90.840244481346744, 46.512743318188591 ], [ -90.840161468929665, 46.511170328396709 ], [ -90.839714035154628, 46.509662927106895 ], [ -90.839280879202718, 46.508203552368812 ], [ -90.838813601643068, 46.506629140829389 ], [ -90.838348291393885, 46.505061264275959 ], [ -90.837882461020143, 46.503491540099461 ], [ -90.837415777246903, 46.501918832875894 ], [ -90.836949550716128, 46.500347613678784 ], [ -90.836482495938654, 46.498773497137179 ], [ -90.836056103402527, 46.497336346243159 ], [ -90.83556372152394, 46.495676706969476 ], [ -90.83507065423079, 46.494014666400261 ], [ -90.834608002994855, 46.492455024913959 ], [ -90.834145372420153, 46.490895409204924 ], [ -90.833682775083133, 46.489335792065923 ], [ -90.833220198407361, 46.48777617164513 ], [ -90.832745405542042, 46.486175281149507 ], [ -90.832295118717667, 46.484656929012544 ], [ -90.831832616602057, 46.483097303715432 ], [ -90.831370140537601, 46.481537676387624 ], [ -90.830907687829352, 46.479978048888448 ], [ -90.830433859754635, 46.478379962545347 ], [ -90.829959863694953, 46.476781213116588 ], [ -90.829500778770694, 46.475232668950817 ], [ -90.829040698513111, 46.473680702223191 ], [ -90.828566932422135, 46.472082471144752 ], [ -90.828092603985837, 46.470482250428994 ], [ -90.82761894389607, 46.46888418033349 ], [ -90.827209584316051, 46.467503000008932 ], [ -90.826799953444819, 46.466120823727387 ], [ -90.826389838381616, 46.46473696397279 ], [ -90.825915235959144, 46.463135411639406 ], [ -90.825441089880826, 46.461535290496123 ], [ -90.824967609454134, 46.459937348201535 ], [ -90.824494356301216, 46.458340037868801 ], [ -90.824020144645871, 46.456739442848139 ], [ -90.823546615710157, 46.45514108007503 ], [ -90.823072837042787, 46.45354175072017 ], [ -90.822616827950057, 46.452002338905572 ], [ -90.822187271547492, 46.450552144519435 ], [ -90.821763282903078, 46.449120652341584 ], [ -90.821339452362125, 46.447689655460977 ], [ -90.820916935158138, 46.446263015056438 ], [ -90.820505925372927, 46.444875161965463 ], [ -90.820117831610617, 46.443564607837928 ], [ -90.819628313561154, 46.442107607403479 ], [ -90.819242086498008, 46.440885525594382 ], [ -90.818909770928343, 46.439742460971033 ], [ -90.818538260964488, 46.438482527637433 ], [ -90.818165701768379, 46.437218978879798 ], [ -90.817793159640274, 46.435955400822102 ], [ -90.81742062829197, 46.434691822562058 ], [ -90.817048065502604, 46.433428077559412 ], [ -90.816605602106037, 46.431934596689253 ], [ -90.816278850701224, 46.430746201714406 ], [ -90.815952953594234, 46.42956089396408 ], [ -90.81571222396272, 46.428685301112772 ], [ -90.817350044965139, 46.428682294423119 ], [ -90.818986131320756, 46.428679286494997 ], [ -90.818651116313632, 46.427025629031888 ], [ -90.819277420831412, 46.426638469915758 ], [ -90.819384986001836, 46.425020305683589 ], [ -90.819371416949465, 46.423502534910924 ], [ -90.819357861371827, 46.421986766632692 ], [ -90.819344308489136, 46.420470971074188 ], [ -90.819330755606444, 46.418955202733294 ], [ -90.819317200028806, 46.417439405878845 ], [ -90.819303642654546, 46.415923609000352 ], [ -90.819290089771854, 46.414407839971197 ], [ -90.819276530600945, 46.412892042436305 ], [ -90.81926297412501, 46.411376272139648 ], [ -90.819249414954101, 46.409860473342391 ], [ -90.819235114673106, 46.408262253878412 ], [ -90.819222296612296, 46.40682890236495 ], [ -90.817136912477466, 46.406826928278988 ], [ -90.815027181303449, 46.406824915789016 ], [ -90.812922783427297, 46.406822858081455 ], [ -90.810810269272565, 46.406820742148483 ], [ -90.808709255350081, 46.406818616304705 ], [ -90.806598711200749, 46.406816404981171 ], [ -90.804539847129703, 46.406814242591558 ], [ -90.802713082575266, 46.406812308147828 ], [ -90.801124791982659, 46.406810570059726 ], [ -90.799585703914815, 46.406808879047333 ], [ -90.798267632847882, 46.406807419697394 ], [ -90.797515204864212, 46.405701400861346 ], [ -90.79673794744609, 46.40455885267972 ], [ -90.796012816568975, 46.403492906724409 ], [ -90.79465248336119, 46.403510095390054 ], [ -90.793782375177003, 46.402249258201891 ], [ -90.792234934573614, 46.400829998117331 ], [ -90.790689446009367, 46.39941240040838 ], [ -90.789437126231334, 46.398263662273123 ], [ -90.787986011975889, 46.396932507970483 ], [ -90.787043209423956, 46.396214767133394 ], [ -90.785250055335879, 46.395548796083077 ], [ -90.783246619114479, 46.395063502058953 ], [ -90.781311941741592, 46.394594814048673 ], [ -90.779344913340381, 46.3941182498518 ], [ -90.77704781066609, 46.393561633873141 ], [ -90.775408066370659, 46.393164309103916 ], [ -90.773256056886112, 46.39264278257464 ], [ -90.771538350502112, 46.392226463346944 ], [ -90.769409398075993, 46.391710441586284 ], [ -90.767213275921122, 46.391178065671262 ], [ -90.765084558853587, 46.39067099281975 ], [ -90.762982758006913, 46.390396897073337 ], [ -90.761119881178061, 46.390452814519179 ], [ -90.759028958929477, 46.390515533914886 ], [ -90.756824640545972, 46.390581614583276 ], [ -90.756848006624807, 46.392364535614888 ], [ -90.754483390167053, 46.392351545447426 ], [ -90.752430850235598, 46.392340200269039 ], [ -90.750722540229489, 46.392763013665039 ], [ -90.748578762007895, 46.392749666095874 ], [ -90.74672723449433, 46.392741381097004 ], [ -90.744117646560284, 46.392729656198135 ], [ -90.741842114232597, 46.392719369338373 ], [ -90.740003842259355, 46.392248867500896 ], [ -90.738127792535167, 46.391768616708788 ], [ -90.736257533351292, 46.391289822075279 ], [ -90.734420133642203, 46.391057551031288 ], [ -90.732578542393995, 46.390824728174401 ], [ -90.730736967315465, 46.390591875822672 ], [ -90.728896359722484, 46.390359094971359 ], [ -90.72524309651493, 46.389897019316983 ], [ -90.723537715016633, 46.389403876546957 ], [ -90.721827257138642, 46.388909237892044 ], [ -90.7195929044819, 46.388622646617954 ], [ -90.718014575307492, 46.388629742562372 ], [ -90.715980349329755, 46.388638845470453 ], [ -90.713939631227461, 46.38864797378163 ], [ -90.711899953374271, 46.388657031454045 ], [ -90.709862335358011, 46.388666039555048 ], [ -90.707805347867605, 46.388675116432857 ], [ -90.705780618879061, 46.388684008661158 ], [ -90.705760608007793, 46.387226487983874 ], [ -90.705738869676225, 46.385643209684261 ], [ -90.704815464446213, 46.385241990314334 ], [ -90.704477937749573, 46.385095320767256 ], [ -90.703426566609039, 46.38463845225705 ], [ -90.701879723385332, 46.384016881119805 ], [ -90.700105631547558, 46.383303975619015 ], [ -90.698149320946001, 46.382517775817057 ], [ -90.696372581773076, 46.381803716065328 ], [ -90.694523022468317, 46.381316780297347 ], [ -90.692785504639019, 46.38110420521037 ], [ -90.690994103164059, 46.381077410170512 ], [ -90.688946146437218, 46.38104671651611 ], [ -90.68690402965801, 46.381016079238179 ], [ -90.684864671605069, 46.380985459294983 ], [ -90.683043331078309, 46.380958070512776 ], [ -90.680986578946516, 46.38034184283044 ], [ -90.678932835272605, 46.379726461555641 ], [ -90.676882091073409, 46.379111955844735 ], [ -90.674830695595645, 46.37849717920875 ], [ -90.672572343547785, 46.377820324869575 ], [ -90.670330528585978, 46.37714834333228 ], [ -90.668094792523718, 46.376478143400448 ], [ -90.667195754095786, 46.373929545582499 ], [ -90.666865348344416, 46.371586441536209 ], [ -90.668667991336847, 46.369163777128598 ], [ -90.670343759871812, 46.366911377170013 ], [ -90.671376667040008, 46.364945828284547 ], [ -90.671335520606732, 46.364053574572587 ], [ -90.670741103586593, 46.362300435591614 ], [ -90.670131288544169, 46.360501745774506 ], [ -90.669618125039818, 46.358988069314549 ], [ -90.671283265606633, 46.359009254006878 ], [ -90.673904756218221, 46.359042530404793 ], [ -90.673877087209164, 46.357402331697671 ], [ -90.673857099694104, 46.355777486360992 ], [ -90.673837161586363, 46.354156756738256 ], [ -90.67381720191905, 46.352534737119342 ], [ -90.673798426231315, 46.351008371338345 ], [ -90.673778491716831, 46.349388188556325 ], [ -90.673761842341364, 46.348035045980311 ], [ -90.673754721396108, 46.345771804758954 ], [ -90.673749649507997, 46.344159330618162 ], [ -90.673744653976712, 46.342572700079309 ], [ -90.673740403148784, 46.341221893006363 ], [ -90.673736142439395, 46.33986976816994 ], [ -90.67314874575321, 46.338666416437945 ], [ -90.670760919523445, 46.338664026838863 ], [ -90.668273502468026, 46.338661475989802 ], [ -90.665536956533174, 46.33865863675144 ], [ -90.66326294235833, 46.338656221103939 ], [ -90.660910591497469, 46.338653664052615 ], [ -90.659092431006812, 46.338651660212392 ], [ -90.657306642205725, 46.338649660093282 ], [ -90.655336880231104, 46.338647423680897 ], [ -90.652831822958447, 46.33864453048507 ], [ -90.649741278817885, 46.338690444523586 ], [ -90.647716150079034, 46.338720487833356 ], [ -90.645816016522076, 46.338748653808914 ], [ -90.644130595589388, 46.338773588577062 ], [ -90.643437077325416, 46.337413396335549 ], [ -90.643719527413694, 46.336326828639876 ], [ -90.644139647912496, 46.334710551120544 ], [ -90.644517472134481, 46.33325689800651 ], [ -90.644892044455133, 46.331815686076936 ], [ -90.64526353016447, 46.330386232143148 ], [ -90.645632909324462, 46.328964853157501 ], [ -90.645696176771608, 46.327702064090815 ], [ -90.645792186014219, 46.3257857647571 ], [ -90.645874521101589, 46.324142192067114 ], [ -90.645847605779039, 46.323486630108384 ], [ -90.645918289717173, 46.322986125624929 ], [ -90.646514997441272, 46.322951806766262 ], [ -90.6465203181627, 46.322591835878463 ], [ -90.646732203788773, 46.322588196143492 ] ], [ [ -90.6465203181627, 46.322591835878463 ], [ -90.645729993850466, 46.322741195702356 ], [ -90.64563474458258, 46.323540292184482 ], [ -90.645567078983802, 46.324107959542921 ], [ -90.645527552212968, 46.324149793915396 ], [ -90.643587971835274, 46.324192288314656 ], [ -90.641297194198899, 46.324181872537238 ], [ -90.639019385540308, 46.324141009667628 ], [ -90.636741376557396, 46.324100097138867 ], [ -90.634463368472808, 46.32405913805276 ], [ -90.632211717856961, 46.324018872496133 ], [ -90.629914560385473, 46.324044279869177 ], [ -90.627643755891128, 46.324070408085639 ], [ -90.625374168614002, 46.324096488522109 ], [ -90.623285494848602, 46.324828285947305 ], [ -90.62119787390867, 46.325559684009562 ], [ -90.619110203561434, 46.326291015222559 ], [ -90.617022466738845, 46.327022333556762 ], [ -90.61493615913588, 46.32775306770165 ], [ -90.612523023771303, 46.327739906464572 ], [ -90.610100899863994, 46.327726613717303 ], [ -90.60775968451938, 46.327707613438804 ], [ -90.605465113297569, 46.327688964873076 ], [ -90.60314679780619, 46.327670047083608 ], [ -90.600829237797953, 46.327651098271737 ], [ -90.598495221552014, 46.327627175131497 ], [ -90.596218720840469, 46.327609077380025 ], [ -90.593913284495315, 46.327590708543788 ], [ -90.591605937433528, 46.327572281391603 ], [ -90.58926137406786, 46.327544683453574 ], [ -90.586813427189384, 46.327515812608539 ], [ -90.584770522587704, 46.327491665474142 ], [ -90.582668511535246, 46.327540629675717 ], [ -90.580566712485208, 46.327589559095607 ], [ -90.578464769704709, 46.327638474204527 ], [ -90.576362779313527, 46.327687322275459 ], [ -90.57393614945677, 46.327664526266346 ], [ -90.571501942310562, 46.327641627275092 ], [ -90.569070759791927, 46.32761871338662 ], [ -90.566842565984771, 46.327597628804455 ], [ -90.564545231545168, 46.327575876752427 ], [ -90.562207701988157, 46.327860412585949 ], [ -90.559871375275321, 46.328144761466397 ], [ -90.557535028799535, 46.328429061725245 ], [ -90.555198666154084, 46.32871328669021 ], [ -90.552862276559182, 46.328997490948929 ], [ -90.550581013878315, 46.329313360567127 ], [ -90.548886955644164, 46.329547886628454 ], [ -90.548299713468211, 46.329629184320311 ], [ -90.546016735005139, 46.329945174968969 ], [ -90.543734191326678, 46.330261072609908 ], [ -90.54139820597365, 46.330790519229524 ], [ -90.539070169812561, 46.331318112304224 ], [ -90.537066915050872, 46.332125092996002 ], [ -90.53507442030967, 46.332927661058463 ], [ -90.533271682095815, 46.33376114785144 ], [ -90.531467932378945, 46.334595023235686 ], [ -90.52966413235643, 46.335428896448946 ], [ -90.527860266756875, 46.336262710430603 ], [ -90.526056361631476, 46.337096524722888 ], [ -90.524251902245538, 46.337930517942901 ], [ -90.522507257182795, 46.338931554612159 ], [ -90.520762098283697, 46.339932799319932 ], [ -90.519016872010965, 46.340934017010767 ], [ -90.517270528234008, 46.341935813576441 ], [ -90.515788966480315, 46.343277441690596 ], [ -90.514233927027959, 46.344685512923803 ], [ -90.512724695366884, 46.346052011830253 ], [ -90.511293447353935, 46.347347821950216 ], [ -90.509806503793371, 46.348594256093584 ], [ -90.508333672765943, 46.349828799349005 ], [ -90.50583213419425, 46.349947218648936 ], [ -90.503333884354817, 46.350065410129389 ], [ -90.501281946294625, 46.349455724698352 ], [ -90.499142940822153, 46.348820147994076 ], [ -90.497496651401548, 46.348357419435629 ], [ -90.495831988738431, 46.347925017893097 ], [ -90.494217958717996, 46.347676431359382 ], [ -90.492572285541655, 46.347635586662406 ], [ -90.490949812255892, 46.347772279144671 ], [ -90.489367305915394, 46.348094091112685 ], [ -90.487827898047286, 46.348507740096686 ], [ -90.486420365557848, 46.348934145241977 ], [ -90.4847497937768, 46.349403436079911 ], [ -90.482617456498687, 46.349991519091887 ], [ -90.480539879621972, 46.350564447790127 ], [ -90.478641415134788, 46.351302566523799 ], [ -90.477018207027115, 46.352458852286375 ], [ -90.475392499806304, 46.35364273928932 ], [ -90.473294611122682, 46.354374853779703 ], [ -90.471146624294008, 46.354972554788027 ], [ -90.469001919011049, 46.355569273379139 ], [ -90.466863595359868, 46.356164144074299 ], [ -90.464681221920443, 46.356771248067041 ], [ -90.462605898018452, 46.357348508791873 ], [ -90.460531991657973, 46.35792529719857 ], [ -90.458456360532168, 46.358502558131299 ], [ -90.456381796604916, 46.359079449048906 ], [ -90.454225684514469, 46.359678954741078 ], [ -90.452234535449563, 46.360232582125604 ], [ -90.450217459208915, 46.360793332599975 ], [ -90.448082997415156, 46.361386676561068 ], [ -90.446007166863339, 46.361963678991259 ], [ -90.443931148563635, 46.362540666648819 ], [ -90.441744504533347, 46.363141091511082 ], [ -90.439557667365236, 46.363741499236106 ], [ -90.437370784383077, 46.364341889824253 ], [ -90.435183859180086, 46.364942210585006 ], [ -90.432996879179854, 46.365542487555658 ], [ -90.430809860552088, 46.366142750491655 ], [ -90.428622795211894, 46.366742942984828 ], [ -90.426435675972812, 46.367343092311387 ], [ -90.424248532479197, 46.367943225746394 ], [ -90.422148805842511, 46.368604928114529 ], [ -90.420044000131227, 46.36926817765697 ], [ -90.417918528676822, 46.369937862351918 ], [ -90.415873724138308, 46.370582119005931 ], [ -90.413727864520212, 46.371258122792177 ], [ -90.411476329787035, 46.371251556397169 ], [ -90.409269017318664, 46.371245071198103 ], [ -90.408187169933811, 46.370783071145411 ], [ -90.406992538166691, 46.37122981179369 ], [ -90.404934092710576, 46.371231036562641 ], [ -90.402761215362005, 46.371198816948223 ], [ -90.400767815118982, 46.371169210488866 ], [ -90.398774413079337, 46.371139598434986 ], [ -90.3967796536853, 46.371109892151871 ], [ -90.394847944346097, 46.372077857931295 ], [ -90.392925556824594, 46.373041067551029 ], [ -90.391002403938472, 46.374004610364942 ], [ -90.389075014597495, 46.374967091229863 ], [ -90.387573854299234, 46.375634288936602 ], [ -90.385880353918878, 46.376239541022137 ], [ -90.384158576370012, 46.37673263414284 ], [ -90.382385109759667, 46.377146746223168 ], [ -90.380604101792542, 46.377562577449616 ], [ -90.378823793613023, 46.37797820595128 ], [ -90.377043893268635, 46.378393706101683 ], [ -90.375177023428321, 46.378829483338365 ], [ -90.373331525406954, 46.379447188171305 ], [ -90.371678682776349, 46.380190848102387 ], [ -90.370005159131281, 46.380923227197648 ], [ -90.368124114774105, 46.381877642786826 ], [ -90.366301174347825, 46.382853996088706 ], [ -90.364476558563553, 46.38383115920206 ], [ -90.362653606459162, 46.384807397631093 ], [ -90.360829723700149, 46.385784052982231 ], [ -90.359005778957382, 46.386760678467425 ], [ -90.357180457097286, 46.387737955685807 ], [ -90.355357619977255, 46.388713860290274 ], [ -90.353534755907774, 46.389689709650341 ], [ -90.351710105987522, 46.390666448041188 ], [ -90.34977587867057, 46.391701790871558 ], [ -90.347841988221873, 46.392736861893518 ], [ -90.345909154191929, 46.393771293098943 ], [ -90.344102599036447, 46.394744051530303 ], [ -90.342405156848614, 46.394789490947183 ], [ -90.343230263030335, 46.395497448680004 ], [ -90.342720358613818, 46.395889679312724 ], [ -90.342105036898701, 46.39622022588906 ] ], [ [ -90.342405156848614, 46.394789490947183 ], [ -90.340134146640068, 46.394857987038989 ], [ -90.337986279287321, 46.394886153822341 ], [ -90.335860046061569, 46.394913990988677 ], [ -90.333897935038195, 46.394939664041402 ], [ -90.331937126572015, 46.394965250964205 ], [ -90.329768370693941, 46.394993544700448 ], [ -90.327649685113187, 46.395021129654197 ], [ -90.325759726773455, 46.395046156463764 ], [ -90.323783666710383, 46.395924975873385 ], [ -90.321763694301268, 46.396880147077319 ], [ -90.319841214253287, 46.397766408377095 ], [ -90.31784878149584, 46.398651408206689 ], [ -90.31589037602302, 46.399570941386031 ], [ -90.31392584942985, 46.400481545843142 ], [ -90.311948422130911, 46.401383528666948 ], [ -90.309985946391549, 46.402300643233936 ], [ -90.308006955125677, 46.403199695055946 ], [ -90.306033799315912, 46.404104611874203 ], [ -90.304060583319014, 46.405009464746698 ], [ -90.302087001707775, 46.405914440743409 ], [ -90.300051026710193, 46.406743673446044 ], [ -90.297973567512784, 46.407519468183985 ], [ -90.295914675593977, 46.408230538011232 ], [ -90.294573882540249, 46.409419359415061 ], [ -90.292600191334557, 46.410292182150641 ], [ -90.290732866048415, 46.41111789346067 ], [ -90.288865925241197, 46.411943392216813 ], [ -90.286998930535077, 46.412768858039968 ], [ -90.285131884624974, 46.413594266157418 ], [ -90.283265422619792, 46.414419381844318 ], [ -90.281345838740322, 46.415187817612974 ], [ -90.279426864816898, 46.415955933515619 ], [ -90.27750784058783, 46.416724016923261 ], [ -90.275588755273318, 46.417492093847294 ], [ -90.273669621449784, 46.418260109790211 ], [ -90.271750432829023, 46.419028118631473 ], [ -90.269831192105968, 46.419796068352134 ], [ -90.267910631757758, 46.42056450204727 ], [ -90.266973602678164, 46.421966502419757 ], [ -90.266020506331373, 46.423392443336184 ], [ -90.265061057997229, 46.424827797399303 ], [ -90.263983387778424, 46.426244457246561 ], [ -90.2629163886469, 46.427646988321797 ], [ -90.261849337413068, 46.429049507458139 ], [ -90.260782235873577, 46.430452015272948 ], [ -90.259715072350346, 46.431854511145339 ], [ -90.258647848639981, 46.433256995073478 ], [ -90.257584124765955, 46.434594044635851 ], [ -90.255643733209553, 46.434734991273388 ], [ -90.253470362685874, 46.434892798723588 ], [ -90.251398296075109, 46.435043235977339 ], [ -90.249275243783771, 46.434924505894728 ], [ -90.24687142394869, 46.434692894846343 ], [ -90.24481824801002, 46.434495007895777 ], [ -90.242539259863463, 46.434275312823488 ], [ -90.240257700738539, 46.434055319074105 ], [ -90.237979046765261, 46.433835568985707 ], [ -90.235694540267914, 46.433615192706043 ], [ -90.233346453709686, 46.433442473245755 ], [ -90.230911449757826, 46.433651818859083 ], [ -90.229254759642856, 46.434219681741894 ], [ -90.228063357319201, 46.435043257645766 ], [ -90.226884498171856, 46.435967584461139 ], [ -90.225507811134321, 46.436806443744373 ], [ -90.224144412874779, 46.437806062512642 ], [ -90.222763209107995, 46.438818674240402 ], [ -90.221389756005493, 46.439825560188829 ], [ -90.220012051176738, 46.440835507214814 ], [ -90.218636535542331, 46.441843790782748 ], [ -90.217332936334628, 46.442799300618262 ], [ -90.215289970647504, 46.443299013684076 ], [ -90.213232748696797, 46.443802156987744 ], [ -90.211230376979032, 46.444291843077934 ], [ -90.209226466447191, 46.444844385969091 ], [ -90.207328916444993, 46.445460476386522 ], [ -90.205287580301786, 46.445470326205189 ], [ -90.203227761321614, 46.445480235444109 ], [ -90.201176647914849, 46.445490073498632 ], [ -90.198943261845372, 46.44516794530611 ], [ -90.196684248637439, 46.444842047438357 ], [ -90.195099564780719, 46.444854354744557 ], [ -90.195148517573813, 46.443963422510585 ], [ -90.195199614645475, 46.443033366238765 ] ], [ [ -90.195099564780719, 46.444854354744557 ], [ -90.193190142643729, 46.445178338644439 ], [ -90.189833125850541, 46.445736049043141 ], [ -90.189653971240176, 46.445765812510075 ], [ -90.188217307284376, 46.446003374963631 ], [ -90.185896301338715, 46.446387145077004 ], [ -90.183114379702218, 46.446847045071223 ], [ -90.180633550891102, 46.447257109434531 ], [ -90.178319240987577, 46.44761386881202 ], [ -90.176616106175786, 46.447858428507317 ], [ -90.17625868628717, 46.447909751997685 ], [ -90.174260812434014, 46.448189755075845 ], [ -90.171629256199708, 46.448190059598453 ], [ -90.169517295407161, 46.448227231151442 ], [ -90.167819789438951, 46.448265006152859 ], [ -90.167224083336393, 46.448535176710465 ], [ -90.166934705440639, 46.448472490595698 ] ] ] } },
{ "type": "Feature", "properties": { "ID": "400565", "STATUS": "UNDER CONSTRUCTION", "OWNER": "AMERICAN TRANSMISSION CO", "VOLTAGE": 138.0, "VOLT_CLASS": "100-161", "SUB_1": "NORTH RANDOLPH", "SUB_2": "MANHATTAN" }, "geometry": { "type": "LineString", "coordinates": [ [ -89.036953993135768, 43.564010035215382 ], [ -89.03694773367485, 43.5634270430374 ], [ -89.036859212788457, 43.563427822851494 ], [ -89.036855477593505, 43.55989416163186 ], [ -89.032178078368176, 43.55985115866212 ], [ -89.03217413206913, 43.559851122207839 ], [ -89.027218429378905, 43.559832212869253 ], [ -89.02468631754482, 43.559822551189612 ], [ -89.012224537580565, 43.559939105105492 ], [ -89.01048526623984, 43.560144123109197 ], [ -89.008701080931559, 43.560178598879268 ], [ -89.007098233139772, 43.560198638184133 ], [ -89.002490899811662, 43.560256240733011 ], [ -89.002166795741999, 43.560263000345046 ], [ -89.002028520765265, 43.554936204589815 ], [ -89.001975477942679, 43.552892604388703 ], [ -89.001959149265758, 43.552263509882053 ], [ -88.986175445194888, 43.552326420214172 ], [ -88.985576701888363, 43.554417808761187 ], [ -88.98550397787622, 43.554418214351216 ], [ -88.980905418393476, 43.554438476921057 ], [ -88.978433953620879, 43.554476214344248 ], [ -88.978411251397006, 43.554477433717196 ], [ -88.975948382603363, 43.554594572827952 ], [ -88.971431430572608, 43.555364273267898 ], [ -88.971401437621907, 43.553182549288522 ], [ -88.971308174529113, 43.548616966272739 ], [ -88.971247657723367, 43.545654019409007 ], [ -88.956673690591131, 43.545694179295936 ], [ -88.956411179508905, 43.545694885762813 ], [ -88.945800748293465, 43.545709669475066 ], [ -88.941568349307062, 43.545784250171685 ], [ -88.936263748146985, 43.545775811648738 ], [ -88.927293782574168, 43.545799995566867 ], [ -88.927175898456071, 43.545800311360267 ], [ -88.926875246703517, 43.546009304362052 ], [ -88.926643355596084, 43.546009785538331 ], [ -88.926637988162256, 43.546013785356834 ], [ -88.926336362635936, 43.546019440968138 ], [ -88.924694986101599, 43.547461769917867 ], [ -88.923435989146085, 43.548399994712184 ], [ -88.922742040589114, 43.548682088905991 ], [ -88.918803300869087, 43.550283185310185 ], [ -88.918542510958943, 43.55038919470617 ], [ -88.916189533074004, 43.549007255674219 ], [ -88.911073997636848, 43.54600271504632 ], [ -88.911065118688569, 43.545997500240453 ], [ -88.910304528612244, 43.545550765051239 ], [ -88.894543753140695, 43.545700292024513 ], [ -88.88781572470053, 43.545715197495156 ], [ -88.878564917023809, 43.545652571313788 ], [ -88.876184368046168, 43.54581401679156 ], [ -88.866084099063727, 43.545730010502893 ], [ -88.861218275512627, 43.545716724374572 ], [ -88.861072287600834, 43.542240513556941 ], [ -88.855677428212601, 43.542196461994855 ], [ -88.85051211353229, 43.542153497837376 ], [ -88.850247400679294, 43.542151289754528 ], [ -88.85031119004762, 43.543770098151811 ], [ -88.850317318354499, 43.54392558617679 ], [ -88.850378407387097, 43.545475801204873 ], [ -88.845801432624, 43.545475399461431 ], [ -88.835802622963016, 43.54544881992728 ], [ -88.825956833225831, 43.545450210077384 ], [ -88.82545853594111, 43.545438552349268 ], [ -88.825192725346852, 43.533515270773293 ], [ -88.825156224101917, 43.533301717352316 ], [ -88.82510692006754, 43.531373619614136 ], [ -88.825388055920556, 43.531367973049313 ], [ -88.830466596937683, 43.531443033241764 ], [ -88.830443418606706, 43.523921327430237 ], [ -88.830021064896101, 43.523917015449008 ], [ -88.829068386265931, 43.523907284830393 ], [ -88.828503613650184, 43.523730336328477 ] ] } },
{ "type": "Feature", "properties": { "ID": "400566", "STATUS": "PLANNING STAGE - ROUTE NOT FINALIZED OR APPROVED", "OWNER": "DAIRYLAND POWER COOPERATIVE", "VOLTAGE": 765.0, "VOLT_CLASS": "765", "SUB_1": "MARION", "SUB_2": "BELL CENTER" }, "geometry": { "type": "LineString", "coordinates": [ [ -91.230418782275393, 43.561401449057939 ], [ -91.230166538038574, 43.561421030337051 ], [ -91.225777701937005, 43.560776218938898 ], [ -91.065261384689549, 43.366994571647936 ], [ -91.006199873959062, 43.289645045132616 ], [ -91.006175460444595, 43.287800936874611 ], [ -91.006561000296529, 43.287782999725984 ], [ -91.006176648017387, 43.287771683318702 ], [ -91.006200869292385, 43.287364341604835 ], [ -90.999670537588401, 43.287385028547554 ], [ -90.98961541254225, 43.285571608463258 ], [ -90.97090042664756, 43.285103354203805 ], [ -90.858247793127262, 43.284161222107777 ], [ -90.852811428877942, 43.288026447792767 ], [ -90.824483342057505, 43.28693429341682 ], [ -90.824316000293109, 43.286922999738479 ] ] } },
{ "type": "Feature", "properties": { "ID": "400567", "STATUS": "PLANNING STAGE - ROUTE NOT FINALIZED OR APPROVED", "OWNER": "MIDCONTINENT GRID SOLUTIONS", "VOLTAGE": 765.0, "VOLT_CLASS": "765", "SUB_1": "BELL CENTER", "SUB_2": "SUGAR CREEK" }, "geometry": { "type": "LineString", "coordinates": [ [ -90.824316000293109, 43.286922999738479 ], [ -89.417039121072378, 43.486239581957435 ], [ -88.554373540088577, 42.696165531769829 ], [ -89.032825622652524, 42.496213675915833 ] ] } }
]
}
